spellKey,spellLabel,level,schoolKey,castingTime,actionEconomyTag,rangeText,rangeKind,rangeDistanceFeet,rangeAreaText,componentVerbal,componentSomatic,componentMaterial,materialText,duration,concentration,ritual,requiresSavingThrow,saveAbilityKeys,requiresAttackRoll,attackRollKind,atHigherLevelsText,sourceSection
acid-arrow,Acid Arrow,2,evocation,Action,action,90 feet,feet,90,,true,true,true,powdered rhubarb leaf,Instantaneous,false,false,false,,true,ranged,Using a Higher-Level Spell Slot. The damage (both initial and later) increases by 1d4 for each spell slot level above 2.,Spell Descriptions: Acid Arrow
acid-splash,Acid Splash,0,evocation,Action,action,60 feet,feet,60,,true,true,false,,Instantaneous,false,false,true,dexterity,false,,"Cantrip Upgrade. The damage increases by 1d6 when you reach levels 5 (2d6), 11 (3d6), and 17 (4d6).",Spell Descriptions: Acid Splash
aid,Aid,2,abjuration,Action,action,30 feet,feet,30,,true,true,true,a strip of white cloth,8 hours,false,false,false,,false,,Using a Higher-Level Spell Slot. Each target's Hit Points increase by 5 for each spell slot level above 2.,Spell Descriptions: Aid
alarm,Alarm,1,abjuration,1 minute or Ritual,long-cast,30 feet,feet,30,,true,true,true,a bell and silver wire,8 hours,false,true,false,,false,,,Spell Descriptions: Alarm
alter-self,Alter Self,2,transmutation,Action,action,Self,self,,,true,true,false,,"Concentration, up to 1 hour",true,false,false,,false,,,Spell Descriptions: Alter Self
animal-friendship,Animal Friendship,1,enchantment,Action,action,30 feet,feet,30,,true,true,true,a morsel of food,24 hours,false,false,true,wisdom,false,,Using a Higher-Level Spell Slot. You can target one additional Beast for each spell slot level above 1.,Spell Descriptions: Animal Friendship
animal-messenger,Animal Messenger,2,enchantment,Action or Ritual,action,30 feet,feet,30,,true,true,true,a morsel of food,24 hours,false,true,true,charisma,false,,Using a Higher-Level Spell Slot. The spell's duration increases by 48 hours for each spell slot level above 2.,Spell Descriptions: Animal Messenger
animal-shapes,Animal Shapes,8,transmutation,Action,action,30 feet,feet,30,,true,true,false,,24 hours,false,false,false,,false,,,Spell Descriptions: Animal Shapes
animate-dead,Animate Dead,3,necromancy,1 minute,long-cast,10 feet,feet,10,,true,true,true,"a drop of blood, a piece of flesh, and a pinch of bone dust",Instantaneous,false,false,false,,false,,Using a Higher-Level Spell Slot. You animate or reassert control over two additional Undead creatures for each spell slot level above 3. Each of the creatures must come from a different corpse or pile of bones.,Spell Descriptions: Animate Dead
animate-objects,Animate Objects,5,transmutation,Action,action,120 feet,feet,120,,true,true,false,,"Concentration, up to 1 minute",true,false,false,,false,,"Using a Higher-Level Spell Slot. The creature's Slam damage increases by 1d4 (Medium or smaller), 1d6 (Large), or 1d12 (Huge) for each spell slot level above 5.",Spell Descriptions: Animate Objects
antilife-shell,Antilife Shell,5,abjuration,Action,action,Self,self,,,true,true,false,,"Concentration, up to 1 hour",true,false,false,,false,,,Spell Descriptions: Antilife Shell
antimagic-field,Antimagic Field,8,abjuration,Action,action,Self,self,,,true,true,true,iron filings,"Concentration, up to 1 hour",true,false,false,,false,,,Spell Descriptions: Antimagic Field
antipathy-sympathy,Antipathy/Sympathy,8,enchantment,1 hour,long-cast,60 feet,feet,60,,true,true,true,a mix of vinegar and honey,10 days,false,false,true,wisdom,false,,,Spell Descriptions: Antipathy/Sympathy
arcane-eye,Arcane Eye,4,divination,Action,action,30 feet,feet,30,,true,true,true,a bit of bat fur,"Concentration, up to 1 hour",true,false,false,,false,,,Spell Descriptions: Arcane Eye
arcane-hand,Arcane Hand,5,evocation,Action,action,120 feet,feet,120,,true,true,true,an eggshell and a glove,"Concentration, up to 1 minute",true,false,true,dexterity;strength,true,melee,Using a Higher-Level Spell Slot. The damage of the Clenched Fist increases by 2d8 and the damage of the Grasping Hand increases by 2d6 for each spell slot level above 5.,Spell Descriptions: Arcane Hand
arcane-lock,Arcane Lock,2,abjuration,Action,action,Touch,touch,,,true,true,true,"gold dust worth 25+ GP, which the spell consumes",Until dispelled,false,false,false,,false,,,Spell Descriptions: Arcane Lock
arcane-sword,Arcane Sword,7,evocation,Action,action,90 feet,feet,90,,true,true,true,a miniature sword worth 250+ GP,"Concentration, up to 1 minute",true,false,false,,true,melee,,Spell Descriptions: Arcane Sword
arcanists-magic-aura,Arcanist's Magic Aura,2,illusion,Action,action,Touch,touch,,,true,true,true,a small square of silk,24 hours,false,false,false,,false,,,Spell Descriptions: Arcanist's Magic Aura
astral-projection,Astral Projection,9,necromancy,1 hour,long-cast,10 feet,feet,10,,true,true,true,"for each of the spell's targets, one jacinth worth 1,000+ GP and one silver bar worth 100+ GP, all of which the spell consumes",Until dispelled,false,false,false,,false,,,Spell Descriptions: Astral Projection
augury,Augury,2,divination,1 minute or Ritual,long-cast,Self,self,,,true,true,true,"specially marked sticks, bones, cards, or other divinatory tokens worth 25+ GP",Instantaneous,false,true,false,,false,,,Spell Descriptions: Augury
aura-of-life,Aura of Life,4,abjuration,Action,action,Self,self,,,true,false,false,,"Concentration, up to 10 minutes",true,false,false,,false,,,Spell Descriptions: Aura of Life
awaken,Awaken,5,transmutation,8 hours,long-cast,Touch,touch,,,true,true,true,"an agate worth 1,000+ GP, which the spell consumes",Instantaneous,false,false,false,,false,,,Spell Descriptions: Awaken
bane,Bane,1,enchantment,Action,action,30 feet,feet,30,,true,true,true,a drop of blood,"Concentration, up to 1 minute",true,false,true,charisma,false,,Using a Higher-Level Spell Slot. You can target one additional creature for each spell slot level above 1.,Spell Descriptions: Bane
banishment,Banishment,4,abjuration,Action,action,30 feet,feet,30,,true,true,true,a pentacle,"Concentration, up to 1 minute",true,false,true,charisma,false,,Using a Higher-Level Spell Slot. You can target one additional creature for each spell slot level above 4.,Spell Descriptions: Banishment
barkskin,Barkskin,2,transmutation,Bonus Action,bonus-action,Touch,touch,,,true,true,true,a handful of bark,1 hour,false,false,false,,false,,,Spell Descriptions: Barkskin
beacon-of-hope,Beacon of Hope,3,abjuration,Action,action,30 feet,feet,30,,true,true,false,,"Concentration, up to 1 minute",true,false,true,wisdom,false,,,Spell Descriptions: Beacon of Hope
befuddlement,Befuddlement,8,enchantment,Action,action,150 feet,feet,150,,true,true,true,a key ring with no keys,Instantaneous,false,false,true,intelligence,false,,,Spell Descriptions: Befuddlement
bestow-curse,Bestow Curse,3,necromancy,Action,action,Touch,touch,,,true,true,false,,"Concentration, up to 1 minute",true,false,true,wisdom,false,,"Using a Higher-Level Spell Slot. If you cast this spell using a level 4 spell slot, you can maintain Concentration on it for up to 10 minutes. If you use a level 5+ spell slot, the spell doesn't require Concentration, and the duration becomes 8 hours (level 5-6 slot) or 24 hours (level 7-8 slot). If you use a level 9 spell slot, the spell lasts until dispelled.",Spell Descriptions: Bestow Curse
black-tentacles,Black Tentacles,4,conjuration,Action,action,90 feet,feet,90,,true,true,true,a tentacle,"Concentration, up to 1 minute",true,false,true,strength,false,,,Spell Descriptions: Black Tentacles
blade-barrier,Blade Barrier,6,evocation,Action,action,90 feet,feet,90,,true,true,false,,"Concentration, up to 10 minutes",true,false,true,dexterity,false,,,Spell Descriptions: Blade Barrier
bless,Bless,1,enchantment,Action,action,30 feet,feet,30,,true,true,true,a Holy Symbol worth 5+ GP,"Concentration, up to 1 minute",true,false,false,,false,,Using a Higher-Level Spell Slot. You can target one additional creature for each spell slot level above 1.,Spell Descriptions: Bless
blight,Blight,4,necromancy,Action,action,30 feet,feet,30,,true,true,false,,Instantaneous,false,false,true,constitution,false,,Using a Higher-Level Spell Slot. The damage increases by 1d8 for each spell slot level above 4.,Spell Descriptions: Blight
blindness-deafness,Blindness/Deafness,2,transmutation,Action,action,120 feet,feet,120,,true,false,false,,1 minute,false,false,true,constitution,false,,Using a Higher-Level Spell Slot. You can target one additional creature for each spell slot level above 2.,Spell Descriptions: Blindness/Deafness
blink,Blink,3,transmutation,Action,action,Self,self,,,true,true,false,,1 minute,false,false,false,,false,,,Spell Descriptions: Blink
blur,Blur,2,illusion,Action,action,Self,self,,,true,false,false,,"Concentration, up to 1 minute",true,false,false,,false,,,Spell Descriptions: Blur
burning-hands,Burning Hands,1,evocation,Action,action,Self,self,,,true,true,false,,Instantaneous,false,false,true,dexterity,false,,Using a Higher-Level Spell Slot. The damage increases by 1d6 for each spell slot level above 1.,Spell Descriptions: Burning Hands
call-lightning,Call Lightning,3,conjuration,Action,action,120 feet,feet,120,,true,true,false,,"Concentration, up to 10 minutes",true,false,true,dexterity,false,,Using a Higher-Level Spell Slot. The damage increases by 1d10 for each spell slot level above 3.,Spell Descriptions: Call Lightning
calm-emotions,Calm Emotions,2,enchantment,Action,action,60 feet,feet,60,,true,true,false,,"Concentration, up to 1 minute",true,false,true,charisma,false,,,Spell Descriptions: Calm Emotions
chain-lightning,Chain Lightning,6,evocation,Action,action,150 feet,feet,150,,true,true,true,three silver pins,Instantaneous,false,false,true,dexterity,false,,Using a Higher-Level Spell Slot. One additional bolt leaps from the first target to another target for each spell slot level above 6.,Spell Descriptions: Chain Lightning
charm-monster,Charm Monster,4,enchantment,Action,action,30 feet,feet,30,,true,true,false,,1 hour,false,false,true,wisdom,false,,Using a Higher-Level Spell Slot. You can target one additional creature for each spell slot level above 4.,Spell Descriptions: Charm Monster
charm-person,Charm Person,1,enchantment,Action,action,30 feet,feet,30,,true,true,false,,1 hour,false,false,true,wisdom,false,,Using a Higher-Level Spell Slot. You can target one additional creature for each spell slot level above 1.,Spell Descriptions: Charm Person
chill-touch,Chill Touch,0,necromancy,Action,action,Touch,touch,,,true,true,false,,Instantaneous,false,false,false,,true,melee,"Cantrip Upgrade. The damage increases by 1d10 when you reach levels 5 (2d10), 11 (3d10), and 17 (4d10).",Spell Descriptions: Chill Touch
chromatic-orb,Chromatic Orb,1,evocation,Action,action,90 feet,feet,90,,true,true,true,a diamond worth 50+ GP,Instantaneous,false,false,false,,true,ranged,"Using a Higher-Level Spell Slot. The damage increases by 1d8 for each spell slot level above 1. The orb can leap a maximum number of times equal to the level of the slot expended, and a creature can be targeted only once by each casting of this spell.",Spell Descriptions: Chromatic Orb
circle-of-death,Circle of Death,6,necromancy,Action,action,150 feet,feet,150,,true,true,true,the powder of a crushed black pearl worth 500+ GP,Instantaneous,false,false,true,constitution,false,,Using a Higher-Level Spell Slot. The damage increases by 2d8 for each spell slot level above 6.,Spell Descriptions: Circle of Death
clairvoyance,Clairvoyance,3,divination,10 minutes,long-cast,1 mile,miles,5280,,true,true,true,"a focus worth 100+ GP, either a jeweled horn for hearing or a glass eye for seeing","Concentration, up to 10 minutes",true,false,false,,false,,,Spell Descriptions: Clairvoyance
clone,Clone,8,necromancy,1 hour,long-cast,Touch,touch,,,true,true,true,"a diamond worth 1,000+ GP, which the spell consumes, and a sealable vessel worth 2,000+ GP that is large enough to hold the creature being cloned",Instantaneous,false,false,false,,false,,,Spell Descriptions: Clone
cloudkill,Cloudkill,5,conjuration,Action,action,120 feet,feet,120,,true,true,false,,"Concentration, up to 10 minutes",true,false,true,constitution,false,,Using a Higher-Level Spell Slot. The damage increases by 1d8 for each spell slot level above 5.,Spell Descriptions: Cloudkill
color-spray,Color Spray,1,illusion,Action,action,Self,self,,,true,true,true,a pinch of colorful sand,Instantaneous,false,false,true,constitution,false,,,Spell Descriptions: Color Spray
command,Command,1,enchantment,Action,action,60 feet,feet,60,,true,false,false,,Instantaneous,false,false,true,wisdom,false,,Using a Higher-Level Spell Slot. You can affect one additional creature for each spell slot level above 1.,Spell Descriptions: Command
commune,Commune,5,divination,1 minute or Ritual,long-cast,Self,self,,,true,true,true,incense,1 minute,false,true,false,,false,,,Spell Descriptions: Commune
commune-with-nature,Commune with Nature,5,divination,1 minute or Ritual,long-cast,Self,self,,,true,true,false,,Instantaneous,false,true,false,,false,,,Spell Descriptions: Commune with Nature
comprehend-languages,Comprehend Languages,1,divination,Action or Ritual,action,Self,self,,,true,true,true,a pinch of soot and salt,1 hour,false,true,false,,false,,,Spell Descriptions: Comprehend Languages
compulsion,Compulsion,4,enchantment,Action,action,30 feet,feet,30,,true,true,false,,"Concentration, up to 1 minute",true,false,true,wisdom,false,,,Spell Descriptions: Compulsion
cone-of-cold,Cone of Cold,5,evocation,Action,action,Self,self,,,true,true,true,a small crystal or glass cone,Instantaneous,false,false,true,constitution,false,,Using a Higher-Level Spell Slot. The damage increases by 1d8 for each spell slot level above 5.,Spell Descriptions: Cone of Cold
confusion,Confusion,4,enchantment,Action,action,90 feet,feet,90,,true,true,true,three nut shells,"Concentration, up to 1 minute",true,false,true,wisdom,false,,Using a Higher-Level Spell Slot. The Sphere's radius increases by 5 feet for each spell slot level above 4.,Spell Descriptions: Confusion
conjure-animals,Conjure Animals,3,conjuration,Action,action,60 feet,feet,60,,true,true,false,,"Concentration, up to 10 minutes",true,false,true,dexterity;strength,false,,Using a Higher-Level Spell Slot. The damage increases by 1d10 for each spell slot level above 3.,Spell Descriptions: Conjure Animals
conjure-celestial,Conjure Celestial,7,conjuration,Action,action,90 feet,feet,90,,true,true,false,,"Concentration, up to 10 minutes",true,false,true,dexterity,false,,Using a Higher-Level Spell Slot. The healing and damage increase by 1d12 for each spell slot level above 7.,Spell Descriptions: Conjure Celestial
conjure-elemental,Conjure Elemental,5,conjuration,Action,action,60 feet,feet,60,,true,true,false,,"Concentration, up to 10 minutes",true,false,true,dexterity,false,,Using a Higher-Level Spell Slot. The damage increases by 1d8 for each spell slot level above 5.,Spell Descriptions: Conjure Elemental
conjure-fey,Conjure Fey,6,conjuration,Action,action,60 feet,feet,60,,true,true,false,,"Concentration, up to 10 minutes",true,false,false,,true,melee,Using a Higher-Level Spell Slot. The damage increases by 1d12 for each spell slot level above 6.,Spell Descriptions: Conjure Fey
conjure-minor-elementals,Conjure Minor Elementals,4,conjuration,Action,action,Self,self,,,true,true,false,,"Concentration, up to 10 minutes",true,false,false,,false,,Using a Higher-Level Spell Slot. The damage increases by 1d8 for each spell slot level above 4.,Spell Descriptions: Conjure Minor Elementals
conjure-woodland-beings,Conjure Woodland Beings,4,conjuration,Action,action,Self,self,,,true,true,false,,"Concentration, up to 10 minutes",true,false,true,wisdom,false,,Using a Higher-Level Spell Slot. The damage increases by 1d8 for each spell slot level above 4.,Spell Descriptions: Conjure Woodland Beings
contact-other-plane,Contact Other Plane,5,divination,1 minute or Ritual,long-cast,Self,self,,,true,false,false,,1 minute,false,true,true,intelligence,false,,,Spell Descriptions: Contact Other Plane
contagion,Contagion,5,necromancy,Action,action,Touch,touch,,,true,true,false,,7 days,false,false,true,constitution,false,,,Spell Descriptions: Contagion
contingency,Contingency,6,abjuration,10 minutes,long-cast,Self,self,,,true,true,true,"a gem-encrusted statuette of yourself worth 1,500+ GP",10 days,false,false,false,,false,,,Spell Descriptions: Contingency
continual-flame,Continual Flame,2,evocation,Action,action,Touch,touch,,,true,true,true,"ruby dust worth 50+ GP, which the spell consumes",Until dispelled,false,false,false,,false,,,Spell Descriptions: Continual Flame
control-water,Control Water,4,transmutation,Action,action,300 feet,feet,300,,true,true,true,a mixture of water and dust,"Concentration, up to 10 minutes",true,false,true,strength,false,,,Spell Descriptions: Control Water
control-weather,Control Weather,8,transmutation,10 minutes,long-cast,Self,self,,,true,true,true,burning incense,"Concentration, up to 8 hours",true,false,false,,false,,,Spell Descriptions: Control Weather
counterspell,Counterspell,3,abjuration,"Reaction, which you take when you see a creature within 60 feet of yourself casting a spell with Verbal, Somatic, or Material components",reaction,60 feet,feet,60,,false,true,false,,Instantaneous,false,false,true,constitution,false,,,Spell Descriptions: Counterspell
create-food-and-water,Create Food and Water,3,conjuration,Action,action,30 feet,feet,30,,true,true,false,,Instantaneous,false,false,false,,false,,,Spell Descriptions: Create Food and Water
create-or-destroy-water,Create or Destroy Water,1,transmutation,Action,action,30 feet,feet,30,,true,true,true,a mix of water and sand,Instantaneous,false,false,false,,false,,"Using a Higher-Level Spell Slot. You create or destroy 10 additional gallons of water, or the size of the Cube increases by 5 feet, for each spell slot level above 1.",Spell Descriptions: Create or Destroy Water
create-undead,Create Undead,6,necromancy,1 minute,long-cast,10 feet,feet,10,,true,true,true,one 150+ GP black onyx stone for each corpse,Instantaneous,false,false,false,,false,,"Using a Higher-Level Spell Slot. If you use a level 7 spell slot, you can animate or reassert control over four Ghouls. If you use a level 8 spell slot, you can animate or reassert control over five Ghouls or two Ghasts or Wights. If you use a level 9 spell slot, you can animate or reassert control over six Ghouls, three Ghasts or Wights, or two Mummies. See ""Monsters"" for these stat blocks.",Spell Descriptions: Create Undead
creation,Creation,5,illusion,1 minute,long-cast,30 feet,feet,30,,true,true,true,a paintbrush,Special,false,false,false,,false,,Using a Higher-Level Spell Slot. The Cube increases by 5 feet for each spell slot level above 5.,Spell Descriptions: Creation
cure-wounds,Cure Wounds,1,abjuration,Action,action,Touch,touch,,,true,true,false,,Instantaneous,false,false,false,,false,,Using a Higher-Level Spell Slot. The healing increases by 2d8 for each spell slot level above 1.,Spell Descriptions: Cure Wounds
dancing-lights,Dancing Lights,0,illusion,Action,action,120 feet,feet,120,,true,true,true,a bit of phosphorus,"Concentration, up to 1 minute",true,false,false,,false,,,Spell Descriptions: Dancing Lights
darkness,Darkness,2,evocation,Action,action,60 feet,feet,60,,true,false,true,bat fur and a piece of coal,"Concentration, up to 10 minutes",true,false,false,,false,,,Spell Descriptions: Darkness
darkvision,Darkvision,2,transmutation,Action,action,Touch,touch,,,true,true,true,a dried carrot,8 hours,false,false,false,,false,,,Spell Descriptions: Darkvision
daylight,Daylight,3,evocation,Action,action,60 feet,feet,60,,true,true,false,,1 hour,false,false,false,,false,,,Spell Descriptions: Daylight
death-ward,Death Ward,4,abjuration,Action,action,Touch,touch,,,true,true,false,,8 hours,false,false,false,,false,,,Spell Descriptions: Death Ward
delayed-blast-fireball,Delayed Blast Fireball,7,evocation,Action,action,150 feet,feet,150,,true,true,true,a ball of bat guano and sulfur,"Concentration, up to 1 minute",true,false,true,dexterity,false,,Using a Higher-Level Spell Slot. The base damage increases by 1d6 for each spell slot level above 7.,Spell Descriptions: Delayed Blast Fireball
demiplane,Demiplane,8,conjuration,Action,action,60 feet,feet,60,,false,true,false,,1 hour,false,false,false,,false,,,Spell Descriptions: Demiplane
detect-evil-and-good,Detect Evil and Good,1,divination,Action,action,Self,self,,,true,true,false,,"Concentration, up to 10 minutes",true,false,false,,false,,,Spell Descriptions: Detect Evil and Good
detect-magic,Detect Magic,1,divination,Action or Ritual,action,Self,self,,,true,true,false,,"Concentration, up to 10 minutes",true,true,false,,false,,,Spell Descriptions: Detect Magic
detect-poison-and-disease,Detect Poison and Disease,1,divination,Action or Ritual,action,Self,self,,,true,true,true,a yew leaf,"Concentration, up to 10 minutes",true,true,false,,false,,,Spell Descriptions: Detect Poison and Disease
detect-thoughts,Detect Thoughts,2,divination,Action,action,Self,self,,,true,true,true,1 Copper Piece,"Concentration, up to 1 minute",true,false,true,wisdom,false,,,Spell Descriptions: Detect Thoughts
dimension-door,Dimension Door,4,conjuration,Action,action,500 feet,feet,500,,true,false,false,,Instantaneous,false,false,false,,false,,,Spell Descriptions: Dimension Door
disguise-self,Disguise Self,1,illusion,Action,action,Self,self,,,true,true,false,,1 hour,false,false,false,,false,,,Spell Descriptions: Disguise Self
disintegrate,Disintegrate,6,transmutation,Action,action,60 feet,feet,60,,true,true,true,a lodestone and dust,Instantaneous,false,false,true,dexterity,false,,Using a Higher-Level Spell Slot. The damage increases by 3d6 for each spell slot level above 6.,Spell Descriptions: Disintegrate
dispel-evil-and-good,Dispel Evil and Good,5,abjuration,Action,action,Self,self,,,true,true,true,powdered silver and iron,"Concentration, up to 1 minute",true,false,true,charisma,false,,,Spell Descriptions: Dispel Evil and Good
dispel-magic,Dispel Magic,3,abjuration,Action,action,120 feet,feet,120,,true,true,false,,Instantaneous,false,false,false,,false,,Using a Higher-Level Spell Slot. You automatically end a spell on the target if the spell's level is equal to or less than the level of the spell slot you use.,Spell Descriptions: Dispel Magic
dissonant-whispers,Dissonant Whispers,1,enchantment,Action,action,60 feet,feet,60,,true,false,false,,Instantaneous,false,false,true,wisdom,false,,Using a Higher-Level Spell Slot. The damage increases by 1d6 for each spell slot level above 1.,Spell Descriptions: Dissonant Whispers
divination,Divination,4,divination,Action or Ritual,action,Self,self,,,true,true,true,"incense worth 25+ GP, which the spell consumes",Instantaneous,false,true,false,,false,,,Spell Descriptions: Divination
divine-favor,Divine Favor,1,transmutation,Bonus Action,bonus-action,Self,self,,,true,true,false,,1 minute,false,false,false,,false,,,Spell Descriptions: Divine Favor
divine-smite,Divine Smite,1,evocation,"Bonus Action, which you take immediately after hitting a target with a Melee weapon or an Unarmed Strike",bonus-action,Self,self,,,true,false,false,,Instantaneous,false,false,false,,false,,Using a Higher-Level Spell Slot. The damage increases by 1d8 for each spell slot level above 1.,Spell Descriptions: Divine Smite
divine-word,Divine Word,7,evocation,Bonus Action,bonus-action,30 feet,feet,30,,true,false,false,,Instantaneous,false,false,true,charisma,false,,,Spell Descriptions: Divine Word
dominate-beast,Dominate Beast,4,enchantment,Action,action,60 feet,feet,60,,true,true,false,,"Concentration, up to 1 minute",true,false,true,wisdom,false,,"Using a Higher-Level Spell Slot. Your Concentration can last longer with a spell slot of level 5 (up to 10 minutes), 6 (up to 1 hour), or 7+ (up to 8 hours).",Spell Descriptions: Dominate Beast
dominate-monster,Dominate Monster,8,enchantment,Action,action,60 feet,feet,60,,true,true,false,,"Concentration, up to 1 hour",true,false,true,wisdom,false,,Using a Higher-Level Spell Slot. Your Concentration can last longer with a level 9 spell slot (up to 8 hours).,Spell Descriptions: Dominate Monster
dominate-person,Dominate Person,5,enchantment,Action,action,60 feet,feet,60,,true,true,false,,"Concentration, up to 1 minute",true,false,true,wisdom,false,,"Using a Higher-Level Spell Slot. Your Concentration can last longer with a spell slot of level 6 (up to 10 minutes), 7 (up to 1 hour), or 8+ (up to 8 hours).",Spell Descriptions: Dominate Person
dragons-breath,Dragon's Breath,2,transmutation,Bonus Action,bonus-action,Touch,touch,,,true,true,true,a hot pepper,"Concentration, up to 1 minute",true,false,true,dexterity,false,,Using a Higher-Level Spell Slot. The damage increases by 1d6 for each spell slot level above 2.,Spell Descriptions: Dragon's Breath
dream,Dream,5,illusion,1 minute,long-cast,Special,special,,,true,true,true,a handful of sand,8 hours,false,false,true,wisdom,false,,,Spell Descriptions: Dream
druidcraft,Druidcraft,0,transmutation,Action,action,30 feet,feet,30,,true,true,false,,Instantaneous,false,false,false,,false,,,Spell Descriptions: Druidcraft
earthquake,Earthquake,8,transmutation,Action,action,500 feet,feet,500,,true,true,true,a fractured rock,"Concentration, up to 1 minute",true,false,true,dexterity,false,,,Spell Descriptions: Earthquake
eldritch-blast,Eldritch Blast,0,evocation,Action,action,120 feet,feet,120,,true,true,false,,Instantaneous,false,false,false,,true,ranged,"Cantrip Upgrade. The spell creates two beams at level 5, three beams at level 11, and four beams at level 17. You can direct the beams at the same target or at different ones. Make a separate attack roll for each beam.",Spell Descriptions: Eldritch Blast
elementalism,Elementalism,0,transmutation,Action,action,30 feet,feet,30,,true,true,false,,Instantaneous,false,false,false,,false,,,Spell Descriptions: Elementalism
enhance-ability,Enhance Ability,2,transmutation,Action,action,Touch,touch,,,true,true,true,fur or a feather,"Concentration, up to 1 hour",true,false,false,,false,,Using a Higher-Level Spell Slot. You can target one additional creature for each spell slot level above 2. You can choose a different ability for each target.,Spell Descriptions: Enhance Ability
enlarge-reduce,Enlarge/Reduce,2,transmutation,Action,action,30 feet,feet,30,,true,true,true,a pinch of powdered iron,"Concentration, up to 1 minute",true,false,true,constitution;strength,false,,,Spell Descriptions: Enlarge/Reduce
ensnaring-strike,Ensnaring Strike,1,conjuration,"Bonus Action, which you take immediately after hitting a creature with a weapon",bonus-action,Self,self,,,true,false,false,,"Concentration, up to 1 minute",true,false,true,strength,false,,Using a Higher-Level Spell Slot. The damage increases by 1d6 for each spell slot level above 1.,Spell Descriptions: Ensnaring Strike
entangle,Entangle,1,conjuration,Action,action,90 feet,feet,90,,true,true,false,,"Concentration, up to 1 minute",true,false,true,strength,false,,,Spell Descriptions: Entangle
enthrall,Enthrall,2,enchantment,Action,action,60 feet,feet,60,,true,true,false,,"Concentration, up to 1 minute",true,false,true,wisdom,false,,,Spell Descriptions: Enthrall
etherealness,Etherealness,7,conjuration,Action,action,Self,self,,,true,true,false,,Up to 8 hours,false,false,false,,false,,Using a Higher-Level Spell Slot. You can target up to three willing creatures (including yourself) for each spell slot level above 7. The creatures must be within 10 feet of you when you cast the spell.,Spell Descriptions: Etherealness
expeditious-retreat,Expeditious Retreat,1,transmutation,Bonus Action,bonus-action,Self,self,,,true,true,false,,"Concentration, up to 10 minutes",true,false,false,,false,,,Spell Descriptions: Expeditious Retreat
eyebite,Eyebite,6,necromancy,Action,action,Self,self,,,true,true,false,,"Concentration, up to 1 minute",true,false,true,wisdom,false,,,Spell Descriptions: Eyebite
fabricate,Fabricate,4,transmutation,10 minutes,long-cast,120 feet,feet,120,,true,true,false,,Instantaneous,false,false,false,,false,,,Spell Descriptions: Fabricate
faerie-fire,Faerie Fire,1,evocation,Action,action,60 feet,feet,60,,true,false,false,,"Concentration, up to 1 minute",true,false,true,dexterity,false,,,Spell Descriptions: Faerie Fire
faithful-hound,Faithful Hound,4,conjuration,Action,action,30 feet,feet,30,,true,true,true,a silver whistle,8 hours,false,false,true,dexterity,false,,,Spell Descriptions: Faithful Hound
false-life,False Life,1,necromancy,Action,action,Self,self,,,true,true,true,a drop of alcohol,Instantaneous,false,false,false,,false,,Using a Higher-Level Spell Slot. You gain 5 additional Temporary Hit Points for each spell slot level above 1.,Spell Descriptions: False Life
fear,Fear,3,illusion,Action,action,Self,self,,,true,true,true,a white feather,"Concentration, up to 1 minute",true,false,true,wisdom,false,,,Spell Descriptions: Fear
feather-fall,Feather Fall,1,transmutation,"Reaction, which you take when you or a creature you can see within 60 feet of you falls",reaction,60 feet,feet,60,,true,false,true,a small feather or piece of down,1 minute,false,false,false,,false,,,Spell Descriptions: Feather Fall
find-familiar,Find Familiar,1,conjuration,1 hour or Ritual,long-cast,10 feet,feet,10,,true,true,true,"burning incense worth 10+ GP, which the spell consumes",Instantaneous,false,true,false,,false,,,Spell Descriptions: Find Familiar
find-steed,Find Steed,2,conjuration,Action,action,30 feet,feet,30,,true,true,false,,Instantaneous,false,false,false,,false,,Using a Higher-Level Spell Slot. Use the spell slot's level for the spell's level in the stat block.,Spell Descriptions: Find Steed
find-the-path,Find the Path,6,divination,1 minute,long-cast,Self,self,,,true,true,true,a set of divination tools--such as cards or runes--worth 100+ GP,"Concentration, up to 1 day",true,false,false,,false,,,Spell Descriptions: Find the Path
find-traps,Find Traps,2,divination,Action,action,120 feet,feet,120,,true,true,false,,Instantaneous,false,false,false,,false,,,Spell Descriptions: Find Traps
finger-of-death,Finger of Death,7,necromancy,Action,action,60 feet,feet,60,,true,true,false,,Instantaneous,false,false,true,constitution,false,,,Spell Descriptions: Finger of Death
fireball,Fireball,3,evocation,Action,action,150 feet,feet,150,,true,true,true,a ball of bat guano and sulfur,Instantaneous,false,false,true,dexterity,false,,Using a Higher-Level Spell Slot. The damage increases by 1d6 for each spell slot level above 3.,Spell Descriptions: Fireball
fire-bolt,Fire Bolt,0,evocation,Action,action,120 feet,feet,120,,true,true,false,,Instantaneous,false,false,false,,true,ranged,"Cantrip Upgrade. The damage increases by 1d10 when you reach levels 5 (2d10), 11 (3d10), and 17 (4d10).",Spell Descriptions: Fire Bolt
fire-shield,Fire Shield,4,evocation,Action,action,Self,self,,,true,true,true,a bit of phosphorus or a firefly,10 minutes,false,false,false,,false,,,Spell Descriptions: Fire Shield
fire-storm,Fire Storm,7,evocation,Action,action,150 feet,feet,150,,true,true,false,,Instantaneous,false,false,true,dexterity,false,,,Spell Descriptions: Fire Storm
flame-blade,Flame Blade,2,evocation,Bonus Action,bonus-action,Self,self,,,true,true,true,a sumac leaf,"Concentration, up to 10 minutes",true,false,false,,true,melee,Using a Higher-Level Spell Slot. The damage increases by 1d6 for each spell slot level above 2.,Spell Descriptions: Flame Blade
flame-strike,Flame Strike,5,evocation,Action,action,60 feet,feet,60,,true,true,true,a pinch of sulfur,Instantaneous,false,false,true,dexterity,false,,Using a Higher-Level Spell Slot. The Fire damage and the Radiant damage increase by 1d6 for each spell slot level above 5.,Spell Descriptions: Flame Strike
flaming-sphere,Flaming Sphere,2,conjuration,Action,action,60 feet,feet,60,,true,true,true,a ball of wax,"Concentration, up to 1 minute",true,false,true,dexterity,false,,Using a Higher-Level Spell Slot. The damage increases by 1d6 for each spell slot level above 2.,Spell Descriptions: Flaming Sphere
flesh-to-stone,Flesh to Stone,6,transmutation,Action,action,60 feet,feet,60,,true,true,true,a cockatrice feather,"Concentration, up to 1 minute",true,false,true,constitution,false,,,Spell Descriptions: Flesh to Stone
floating-disk,Floating Disk,1,conjuration,Action or Ritual,action,30 feet,feet,30,,true,true,true,a drop of mercury,1 hour,false,true,false,,false,,,Spell Descriptions: Floating Disk
fly,Fly,3,transmutation,Action,action,Touch,touch,,,true,true,true,a feather,"Concentration, up to 10 minutes",true,false,false,,false,,Using a Higher-Level Spell Slot. You can target one additional creature for each spell slot level above 3.,Spell Descriptions: Fly
fog-cloud,Fog Cloud,1,conjuration,Action,action,120 feet,feet,120,,true,true,false,,"Concentration, up to 1 hour",true,false,false,,false,,Using a Higher-Level Spell Slot. The fog's radius increases by 20 feet for each spell slot level above 1.,Spell Descriptions: Fog Cloud
forbiddance,Forbiddance,6,abjuration,10 minutes or Ritual,long-cast,Touch,touch,,,true,true,true,"ruby dust worth 1,000+ GP",1 day,false,true,false,,false,,,Spell Descriptions: Forbiddance
forcecage,Forcecage,7,evocation,Action,action,100 feet,feet,100,,true,true,true,"ruby dust worth 1,500+ GP, which the spell consumes","Concentration, up to 1 hour",true,false,true,charisma,false,,,Spell Descriptions: Forcecage
foresight,Foresight,9,divination,1 minute,long-cast,Touch,touch,,,true,true,true,a hummingbird feather,8 hours,false,false,false,,false,,,Spell Descriptions: Foresight
freedom-of-movement,Freedom of Movement,4,abjuration,Action,action,Touch,touch,,,true,true,true,a leather strap,1 hour,false,false,false,,false,,Using a Higher-Level Spell Slot. You can target one additional creature for each spell slot level above 4.,Spell Descriptions: Freedom of Movement
freezing-sphere,Freezing Sphere,6,evocation,Action,action,300 feet,feet,300,,true,true,true,a miniature crystal sphere,Instantaneous,false,false,true,constitution,false,,Using a Higher-Level Spell Slot. The damage increases by 1d6 for each spell slot level above 6.,Spell Descriptions: Freezing Sphere
gaseous-form,Gaseous Form,3,transmutation,Action,action,Touch,touch,,,true,true,true,a bit of gauze,"Concentration, up to 1 hour",true,false,true,constitution,false,,Using a Higher-Level Spell Slot. You can target one additional creature for each spell slot level above 3.,Spell Descriptions: Gaseous Form
gate,Gate,9,conjuration,Action,action,60 feet,feet,60,,true,true,true,"a diamond worth 5,000+ GP","Concentration, up to 1 minute",true,false,false,,false,,,Spell Descriptions: Gate
geas,Geas,5,enchantment,1 minute,long-cast,60 feet,feet,60,,true,false,false,,30 days,false,false,true,wisdom,false,,"Using a Higher-Level Spell Slot. If you use a level 7 or 8 spell slot, the duration is 365 days. If you use a level 9 spell slot, the spell lasts until it is ended by one of the spells mentioned above.",Spell Descriptions: Geas
gentle-repose,Gentle Repose,2,necromancy,Action or Ritual,action,Touch,touch,,,true,true,true,"2 Copper Pieces, which the spell consumes",10 days,false,true,false,,false,,,Spell Descriptions: Gentle Repose
giant-insect,Giant Insect,4,conjuration,Action,action,60 feet,feet,60,,true,true,false,,"Concentration, up to 10 minutes",true,false,false,,false,,Using a Higher-Level Spell Slot. Use the spell slot's level for the spell's level in the stat block.,Spell Descriptions: Giant Insect
glibness,Glibness,8,enchantment,Action,action,Self,self,,,true,false,false,,1 hour,false,false,false,,false,,,Spell Descriptions: Glibness
globe-of-invulnerability,Globe of Invulnerability,6,abjuration,Action,action,Self,self,,,true,true,true,a glass bead,"Concentration, up to 1 minute",true,false,false,,false,,Using a Higher-Level Spell Slot. The barrier blocks spells of 1 level higher for each spell slot level above 6.,Spell Descriptions: Globe of Invulnerability
glyph-of-warding,Glyph of Warding,3,abjuration,1 hour,long-cast,Touch,touch,,,true,true,true,"powdered diamond worth 200+ GP, which the spell consumes",Until dispelled or triggered,false,false,true,dexterity,false,,"Using a Higher-Level Spell Slot. The damage of an explosive rune increases by 1d8 for each spell slot level above 3. If you create a spell glyph, you can store any spell of up to the same level as the spell slot you use for the Glyph of Warding.",Spell Descriptions: Glyph of Warding
goodberry,Goodberry,1,conjuration,Action,action,Self,self,,,true,true,true,a sprig of mistletoe,24 hours,false,false,false,,false,,,Spell Descriptions: Goodberry
grease,Grease,1,conjuration,Action,action,60 feet,feet,60,,true,true,true,a bit of pork rind or butter,1 minute,false,false,true,dexterity,false,,,Spell Descriptions: Grease
greater-invisibility,Greater Invisibility,4,illusion,Action,action,Touch,touch,,,true,true,false,,"Concentration, up to 1 minute",true,false,false,,false,,,Spell Descriptions: Greater Invisibility
greater-restoration,Greater Restoration,5,abjuration,Action,action,Touch,touch,,,true,true,true,"diamond dust worth 100+ GP, which the spell consumes",Instantaneous,false,false,false,,false,,,Spell Descriptions: Greater Restoration
guardian-of-faith,Guardian of Faith,4,conjuration,Action,action,30 feet,feet,30,,true,false,false,,8 hours,false,false,true,dexterity,false,,,Spell Descriptions: Guardian of Faith
guards-and-wards,Guards and Wards,6,abjuration,1 hour,long-cast,Touch,touch,,,true,true,true,a silver rod worth 10+ GP,24 hours,false,false,false,,false,,,Spell Descriptions: Guards and Wards
guidance,Guidance,0,divination,Action,action,Touch,touch,,,true,true,false,,"Concentration, up to 1 minute",true,false,false,,false,,,Spell Descriptions: Guidance
guiding-bolt,Guiding Bolt,1,evocation,Action,action,120 feet,feet,120,,true,true,false,,1 round,false,false,false,,true,ranged,Using a Higher-Level Spell Slot. The damage increases by 1d6 for each spell slot level above 1.,Spell Descriptions: Guiding Bolt
gust-of-wind,Gust of Wind,2,evocation,Action,action,Self,self,,,true,true,true,a legume seed,"Concentration, up to 1 minute",true,false,true,strength,false,,,Spell Descriptions: Gust of Wind
hallow,Hallow,5,abjuration,24 hours,long-cast,Touch,touch,,,true,true,true,"incense worth 1,000+ GP, which the spell consumes",Until dispelled,false,false,false,,false,,,Spell Descriptions: Hallow
hallucinatory-terrain,Hallucinatory Terrain,4,illusion,10 minutes,long-cast,300 feet,feet,300,,true,true,true,a mushroom,24 hours,false,false,false,,false,,,Spell Descriptions: Hallucinatory Terrain
harm,Harm,6,necromancy,Action,action,60 feet,feet,60,,true,true,false,,Instantaneous,false,false,true,constitution,false,,,Spell Descriptions: Harm
haste,Haste,3,transmutation,Action,action,30 feet,feet,30,,true,true,true,a shaving of licorice root,"Concentration, up to 1 minute",true,false,true,dexterity,false,,,Spell Descriptions: Haste
heal,Heal,6,abjuration,Action,action,60 feet,feet,60,,true,true,false,,Instantaneous,false,false,false,,false,,Using a Higher-Level Spell Slot. The healing increases by 10 for each spell slot level above 6.,Spell Descriptions: Heal
healing-word,Healing Word,1,abjuration,Bonus Action,bonus-action,60 feet,feet,60,,true,false,false,,Instantaneous,false,false,false,,false,,Using a Higher-Level Spell Slot. The healing increases by 2d4 for each spell slot level above 1.,Spell Descriptions: Healing Word
heat-metal,Heat Metal,2,transmutation,Action,action,60 feet,feet,60,,true,true,true,a piece of iron and a flame,"Concentration, up to 1 minute",true,false,true,constitution,false,,Using a Higher-Level Spell Slot. The damage increases by 1d8 for each spell slot level above 2.,Spell Descriptions: Heat Metal
hellish-rebuke,Hellish Rebuke,1,evocation,"Reaction, which you take in response to taking damage from a creature that you can see within 60 feet of yourself",reaction,60 feet,feet,60,,true,true,false,,Instantaneous,false,false,true,dexterity,false,,Using a Higher-Level Spell Slot. The damage increases by 1d10 for each spell slot level above 1.,Spell Descriptions: Hellish Rebuke
heroes-feast,Heroes' Feast,6,conjuration,10 minutes,long-cast,Self,self,,,true,true,true,"a gem-encrusted bowl worth 1,000+ GP, which the spell consumes",Instantaneous,false,false,false,,false,,,Spell Descriptions: Heroes' Feast
heroism,Heroism,1,enchantment,Action,action,Touch,touch,,,true,true,false,,"Concentration, up to 1 minute",true,false,false,,false,,Using a Higher-Level Spell Slot. You can target one additional creature for each spell slot level above 1.,Spell Descriptions: Heroism
hex,Hex,1,enchantment,Bonus Action,bonus-action,90 feet,feet,90,,true,true,true,the petrified eye of a newt,"Concentration, up to 1 hour",true,false,false,,false,,"Using a Higher-Level Spell Slot. Your Concentration can last longer with a spell slot of level 2 (up to 4 hours), 3-4 (up to 8 hours), or 5+ (24 hours).",Spell Descriptions: Hex
hideous-laughter,Hideous Laughter,1,enchantment,Action,action,30 feet,feet,30,,true,true,true,a tart and a feather,"Concentration, up to 1 minute",true,false,true,wisdom,false,,Using a Higher-Level Spell Slot. You can target one additional creature for each spell slot level above 1.,Spell Descriptions: Hideous Laughter
hold-monster,Hold Monster,5,enchantment,Action,action,90 feet,feet,90,,true,true,true,a straight piece of iron,"Concentration, up to 1 minute",true,false,true,wisdom,false,,Using a Higher-Level Spell Slot. You can target one additional creature for each spell slot level above 5.,Spell Descriptions: Hold Monster
hold-person,Hold Person,2,enchantment,Action,action,60 feet,feet,60,,true,true,true,a straight piece of iron,"Concentration, up to 1 minute",true,false,true,wisdom,false,,Using a Higher-Level Spell Slot. You can target one additional Humanoid for each spell slot level above 2.,Spell Descriptions: Hold Person
holy-aura,Holy Aura,8,abjuration,Action,action,Self,self,,,true,true,true,"a reliquary worth 1,000+ GP","Concentration, up to 1 minute",true,false,true,constitution,false,,,Spell Descriptions: Holy Aura
hunters-mark,Hunter's Mark,1,divination,Bonus Action,bonus-action,90 feet,feet,90,,true,false,false,,"Concentration, up to 1 hour",true,false,false,,false,,Using a Higher-Level Spell Slot. Your Concentration can last longer with a spell slot of level 3-4 (up to 8 hours) or 5+ (up to 24 hours).,Spell Descriptions: Hunter's Mark
hypnotic-pattern,Hypnotic Pattern,3,illusion,Action,action,120 feet,feet,120,,false,true,true,a pinch of confetti,"Concentration, up to 1 minute",true,false,true,wisdom,false,,,Spell Descriptions: Hypnotic Pattern
ice-knife,Ice Knife,1,conjuration,Action,action,60 feet,feet,60,,false,true,true,a drop of water or a piece of ice,Instantaneous,false,false,true,dexterity,true,ranged,Using a Higher-Level Spell Slot. The Cold damage increases by 1d6 for each spell slot level above 1.,Spell Descriptions: Ice Knife
ice-storm,Ice Storm,4,evocation,Action,action,300 feet,feet,300,,true,true,true,a mitten,Instantaneous,false,false,true,dexterity,false,,Using a Higher-Level Spell Slot. The Bludgeoning damage increases by 1d10 for each spell slot level above 4.,Spell Descriptions: Ice Storm
identify,Identify,1,divination,1 minute or Ritual,long-cast,Touch,touch,,,true,true,true,a pearl worth 100+ GP,Instantaneous,false,true,false,,false,,,Spell Descriptions: Identify
illusory-script,Illusory Script,1,illusion,1 minute or Ritual,long-cast,Touch,touch,,,false,true,true,"ink worth 10+ GP, which the spell consumes",10 days,false,true,false,,false,,,Spell Descriptions: Illusory Script
imprisonment,Imprisonment,9,abjuration,1 minute,long-cast,30 feet,feet,30,,true,true,true,"a statuette of the target worth 5,000+ GP",Until dispelled,false,false,true,wisdom,false,,,Spell Descriptions: Imprisonment
incendiary-cloud,Incendiary Cloud,8,conjuration,Action,action,150 feet,feet,150,,true,true,false,,"Concentration, up to 1 minute",true,false,true,dexterity,false,,,Spell Descriptions: Incendiary Cloud
inflict-wounds,Inflict Wounds,1,necromancy,Action,action,Touch,touch,,,true,true,false,,Instantaneous,false,false,true,constitution,false,,Using a Higher-Level Spell Slot. The damage increases by 1d10 for each spell slot level above 1.,Spell Descriptions: Inflict Wounds
insect-plague,Insect Plague,5,conjuration,Action,action,300 feet,feet,300,,true,true,true,a locust,"Concentration, up to 10 minutes",true,false,true,constitution,false,,Using a Higher-Level Spell Slot. The damage increases by 1d10 for each spell slot level above 5.,Spell Descriptions: Insect Plague
instant-summons,Instant Summons,6,conjuration,1 minute or Ritual,long-cast,Touch,touch,,,true,true,true,"a sapphire worth 1,000+ GP",Until dispelled,false,true,false,,false,,,Spell Descriptions: Instant Summons
irresistible-dance,Irresistible Dance,6,enchantment,Action,action,30 feet,feet,30,,true,false,false,,"Concentration, up to 1 minute",true,false,true,dexterity;wisdom,false,,,Spell Descriptions: Irresistible Dance
invisibility,Invisibility,2,illusion,Action,action,Touch,touch,,,true,true,true,an eyelash in gum arabic,"Concentration, up to 1 hour",true,false,false,,false,,Using a Higher-Level Spell Slot. You can target one additional creature for each spell slot level above 2.,Spell Descriptions: Invisibility
jump,Jump,1,transmutation,Bonus Action,bonus-action,Touch,touch,,,true,true,true,a grasshopper's hind leg,1 minute,false,false,false,,false,,Using a Higher-Level Spell Slot. You can target one additional creature for each spell slot level above 1.,Spell Descriptions: Jump
knock,Knock,2,transmutation,Action,action,60 feet,feet,60,,true,false,false,,Instantaneous,false,false,false,,false,,,Spell Descriptions: Knock
legend-lore,Legend Lore,5,divination,10 minutes,long-cast,Self,self,,,true,true,true,"incense worth 250+ GP, which the spell consumes, and four ivory strips worth 50+ GP each",Instantaneous,false,false,false,,false,,,Spell Descriptions: Legend Lore
lesser-restoration,Lesser Restoration,2,abjuration,Bonus Action,bonus-action,Touch,touch,,,true,true,false,,Instantaneous,false,false,false,,false,,,Spell Descriptions: Lesser Restoration
levitate,Levitate,2,transmutation,Action,action,60 feet,feet,60,,true,true,true,a metal spring,"Concentration, up to 10 minutes",true,false,true,constitution,false,,,Spell Descriptions: Levitate
light,Light,0,evocation,Action,action,Touch,touch,,,true,false,true,a firefly or phosphorescent moss,1 hour,false,false,false,,false,,,Spell Descriptions: Light
lightning-bolt,Lightning Bolt,3,evocation,Action,action,Self,self,,,true,true,true,a bit of fur and a crystal rod,Instantaneous,false,false,true,dexterity,false,,Using a Higher-Level Spell Slot. The damage increases by 1d6 for each spell slot level above 3.,Spell Descriptions: Lightning Bolt
locate-animals-or-plants,Locate Animals or Plants,2,divination,Action or Ritual,action,Self,self,,,true,true,true,fur from a bloodhound,Instantaneous,false,true,false,,false,,,Spell Descriptions: Locate Animals or Plants
locate-creature,Locate Creature,4,divination,Action,action,Self,self,,,true,true,true,fur from a bloodhound,"Concentration, up to 1 hour",true,false,false,,false,,,Spell Descriptions: Locate Creature
locate-object,Locate Object,2,divination,Action,action,Self,self,,,true,true,true,a forked twig,"Concentration, up to 10 minutes",true,false,false,,false,,,Spell Descriptions: Locate Object
longstrider,Longstrider,1,transmutation,Action,action,Touch,touch,,,true,true,true,a pinch of dirt,1 hour,false,false,false,,false,,Using a Higher-Level Spell Slot. You can target one additional creature for each spell slot level above 1.,Spell Descriptions: Longstrider
mage-armor,Mage Armor,1,abjuration,Action,action,Touch,touch,,,true,true,true,a piece of cured leather,8 hours,false,false,false,,false,,,Spell Descriptions: Mage Armor
mage-hand,Mage Hand,0,conjuration,Action,action,30 feet,feet,30,,true,true,false,,1 minute,false,false,false,,false,,,Spell Descriptions: Mage Hand
magic-circle,Magic Circle,3,abjuration,1 minute,long-cast,10 feet,feet,10,,true,true,true,"salt and powdered silver worth 100+ GP, which the spell consumes",1 hour,false,false,true,charisma,false,,Using a Higher-Level Spell Slot. The duration increases by 1 hour for each spell slot level above 3.,Spell Descriptions: Magic Circle
magic-jar,Magic Jar,6,necromancy,1 minute,long-cast,Self,self,,,true,true,true,"a gem, crystal, or reliquary worth 500+ GP",Until dispelled,false,false,true,charisma,false,,,Spell Descriptions: Magic Jar
magic-missile,Magic Missile,1,evocation,Action,action,120 feet,feet,120,,true,true,false,,Instantaneous,false,false,false,,false,,Using a Higher-Level Spell Slot. The spell creates one more dart for each spell slot level above 1.,Spell Descriptions: Magic Missile
magic-mouth,Magic Mouth,2,illusion,1 minute or Ritual,long-cast,30 feet,feet,30,,true,true,true,"jade dust worth 10+ GP, which the spell consumes",Until dispelled,false,true,false,,false,,,Spell Descriptions: Magic Mouth
magic-weapon,Magic Weapon,2,transmutation,Bonus Action,bonus-action,Touch,touch,,,true,true,false,,1 hour,false,false,false,,false,,Using a Higher-Level Spell Slot. The bonus increases to +2 with a level 3-5 spell slot. The bonus increases to +3 with a level 6+ spell slot.,Spell Descriptions: Magic Weapon
magnificent-mansion,Magnificent Mansion,7,conjuration,1 minute,long-cast,300 feet,feet,300,,true,true,true,a miniature door worth 15+ GP,24 hours,false,false,false,,false,,,Spell Descriptions: Magnificent Mansion
major-image,Major Image,3,illusion,Action,action,120 feet,feet,120,,true,true,true,a bit of fleece,"Concentration, up to 10 minutes",true,false,false,,false,,"Using a Higher-Level Spell Slot. The spell lasts until dispelled, without requiring Concentration, if cast with a level 4+ spell slot.",Spell Descriptions: Major Image
mass-cure-wounds,Mass Cure Wounds,5,abjuration,Action,action,60 feet,feet,60,,true,true,false,,Instantaneous,false,false,false,,false,,Using a Higher-Level Spell Slot. The healing increases by 1d8 for each spell slot level above 5.,Spell Descriptions: Mass Cure Wounds
mass-heal,Mass Heal,9,abjuration,Action,action,60 feet,feet,60,,true,true,false,,Instantaneous,false,false,false,,false,,,Spell Descriptions: Mass Heal
mass-healing-word,Mass Healing Word,3,abjuration,Bonus Action,bonus-action,60 feet,feet,60,,true,false,false,,Instantaneous,false,false,false,,false,,Using a Higher-Level Spell Slot. The healing increases by 1d4 for each spell slot level above 3.,Spell Descriptions: Mass Healing Word
mass-suggestion,Mass Suggestion,6,enchantment,Action,action,60 feet,feet,60,,true,false,true,a snake's tongue,24 hours,false,false,true,wisdom,false,,"Using a Higher-Level Spell Slot. The duration is longer with a spell slot of level 7 (10 days), 8 (30 days), or 9 (366 days).",Spell Descriptions: Mass Suggestion
maze,Maze,8,conjuration,Action,action,60 feet,feet,60,,true,true,false,,"Concentration, up to 10 minutes",true,false,false,,false,,,Spell Descriptions: Maze
meld-into-stone,Meld into Stone,3,transmutation,Action or Ritual,action,Touch,touch,,,true,true,false,,8 hours,false,true,false,,false,,,Spell Descriptions: Meld into Stone
mending,Mending,0,transmutation,1 minute,long-cast,Touch,touch,,,true,true,true,two lodestones,Instantaneous,false,false,false,,false,,,Spell Descriptions: Mending
message,Message,0,transmutation,Action,action,120 feet,feet,120,,false,true,true,a copper wire,1 round,false,false,false,,false,,,Spell Descriptions: Message
meteor-swarm,Meteor Swarm,9,evocation,Action,action,1 mile,miles,5280,,true,true,false,,Instantaneous,false,false,true,dexterity,false,,,Spell Descriptions: Meteor Swarm
mind-blank,Mind Blank,8,abjuration,Action,action,Touch,touch,,,true,true,false,,24 hours,false,false,false,,false,,,Spell Descriptions: Mind Blank
mind-spike,Mind Spike,2,divination,Action,action,120 feet,feet,120,,false,true,false,,"Concentration, up to 1 hour",true,false,true,wisdom,false,,Using a Higher-Level Spell Slot. The damage increases by 1d8 for each spell slot level above 2.,Spell Descriptions: Mind Spike
minor-illusion,Minor Illusion,0,illusion,Action,action,30 feet,feet,30,,false,true,true,a bit of fleece,1 minute,false,false,false,,false,,,Spell Descriptions: Minor Illusion
mirage-arcane,Mirage Arcane,7,illusion,10 minutes,long-cast,Sight,sight,,,true,true,false,,10 days,false,false,false,,false,,,Spell Descriptions: Mirage Arcane
mirror-image,Mirror Image,2,illusion,Action,action,Self,self,,,true,true,false,,1 minute,false,false,false,,false,,,Spell Descriptions: Mirror Image
mislead,Mislead,5,illusion,Action,action,Self,self,,,false,true,false,,"Concentration, up to 1 hour",true,false,false,,false,,,Spell Descriptions: Mislead
misty-step,Misty Step,2,conjuration,Bonus Action,bonus-action,Self,self,,,true,false,false,,Instantaneous,false,false,false,,false,,,Spell Descriptions: Misty Step
modify-memory,Modify Memory,5,enchantment,Action,action,30 feet,feet,30,,true,true,false,,"Concentration, up to 1 minute",true,false,true,wisdom,false,,"Using a Higher-Level Spell Slot. You can alter the target's memories of an event that took place up to 7 days ago (level 6 spell slot), 30 days ago (level 7 spell slot), 365 days ago (level 8 spell slot), or any time in the creature's past (level 9 spell slot).",Spell Descriptions: Modify Memory
moonbeam,Moonbeam,2,evocation,Action,action,120 feet,feet,120,,true,true,true,a moonseed leaf,"Concentration, up to 1 minute",true,false,true,constitution,false,,Using a Higher-Level Spell Slot. The damage increases by 1d10 for each spell slot level above 2.,Spell Descriptions: Moonbeam
move-earth,Move Earth,6,transmutation,Action,action,120 feet,feet,120,,true,true,true,a miniature shovel,"Concentration, up to 2 hours",true,false,false,,false,,,Spell Descriptions: Move Earth
nondetection,Nondetection,3,abjuration,Action,action,Touch,touch,,,true,true,true,"a pinch of diamond dust worth 25+ GP, which the spell consumes",8 hours,false,false,false,,false,,,Spell Descriptions: Nondetection
passwall,Passwall,5,transmutation,Action,action,30 feet,feet,30,,true,true,true,a pinch of sesame seeds,1 hour,false,false,false,,false,,,Spell Descriptions: Passwall
pass-without-trace,Pass without Trace,2,abjuration,Action,action,Self,self,,,true,true,true,ashes from burned mistletoe,"Concentration, up to 1 hour",true,false,false,,false,,,Spell Descriptions: Pass without Trace
phantasmal-force,Phantasmal Force,2,illusion,Action,action,60 feet,feet,60,,true,true,true,a bit of fleece,"Concentration, up to 1 minute",true,false,true,intelligence,false,,,Spell Descriptions: Phantasmal Force
phantasmal-killer,Phantasmal Killer,4,illusion,Action,action,120 feet,feet,120,,true,true,false,,"Concentration, up to 1 minute",true,false,true,wisdom,false,,Using a Higher-Level Spell Slot. The damage increases by 1d10 for each spell slot level above 4.,Spell Descriptions: Phantasmal Killer
phantom-steed,Phantom Steed,3,illusion,1 minute or Ritual,long-cast,30 feet,feet,30,,true,true,false,,1 hour,false,true,false,,false,,,Spell Descriptions: Phantom Steed
planar-ally,Planar Ally,6,conjuration,10 minutes,long-cast,60 feet,feet,60,,true,true,false,,Instantaneous,false,false,false,,false,,,Spell Descriptions: Planar Ally
planar-binding,Planar Binding,5,abjuration,1 hour,long-cast,60 feet,feet,60,,true,true,true,"a jewel worth 1,000+ GP, which the spell consumes",24 hours,false,false,true,charisma,false,,"Using a Higher-Level Spell Slot. The duration increases with a spell slot of level 6 (10 days), 7 (30 days), 8 (180 days), and 9 (366 days).",Spell Descriptions: Planar Binding
plane-shift,Plane Shift,7,conjuration,Action,action,Touch,touch,,,true,true,true,"a forked, metal rod worth 250+ GP and attuned to a plane of existence",Instantaneous,false,false,false,,false,,,Spell Descriptions: Plane Shift
plant-growth,Plant Growth,3,transmutation,Action (Overgrowth) or 8 hours (Enrichment),action,150 feet,feet,150,,true,true,false,,Instantaneous,false,false,false,,false,,,Spell Descriptions: Plant Growth
poison-spray,Poison Spray,0,necromancy,Action,action,30 feet,feet,30,,true,true,false,,Instantaneous,false,false,false,,true,ranged,"Cantrip Upgrade. The damage increases by 1d12 when you reach levels 5 (2d12), 11 (3d12), and 17 (4d12).",Spell Descriptions: Poison Spray
polymorph,Polymorph,4,transmutation,Action,action,60 feet,feet,60,,true,true,true,a caterpillar cocoon,"Concentration, up to 1 hour",true,false,true,wisdom,false,,,Spell Descriptions: Polymorph
power-word-heal,Power Word Heal,9,enchantment,Action,action,60 feet,feet,60,,true,false,false,,Instantaneous,false,false,false,,false,,,Spell Descriptions: Power Word Heal
power-word-kill,Power Word Kill,9,enchantment,Action,action,60 feet,feet,60,,true,false,false,,Instantaneous,false,false,false,,false,,,Spell Descriptions: Power Word Kill
power-word-stun,Power Word Stun,8,enchantment,Action,action,60 feet,feet,60,,true,false,false,,Instantaneous,false,false,true,constitution,false,,,Spell Descriptions: Power Word Stun
prayer-of-healing,Prayer of Healing,2,abjuration,10 minutes,long-cast,30 feet,feet,30,,true,false,false,,Instantaneous,false,false,false,,false,,Using a Higher-Level Spell Slot. The healing increases by 1d8 for each spell slot level above 2.,Spell Descriptions: Prayer of Healing
prestidigitation,Prestidigitation,0,transmutation,Action,action,10 feet,feet,10,,true,true,false,,Up to 1 hour,false,false,false,,false,,,Spell Descriptions: Prestidigitation
prismatic-spray,Prismatic Spray,7,evocation,Action,action,Self,self,,,true,true,false,,Instantaneous,false,false,true,constitution;dexterity;wisdom,false,,,Spell Descriptions: Prismatic Spray
prismatic-wall,Prismatic Wall,9,abjuration,Action,action,60 feet,feet,60,,true,true,false,,10 minutes,false,false,true,constitution;dexterity;wisdom,false,,,Spell Descriptions: Prismatic Wall
private-sanctum,Private Sanctum,4,abjuration,10 minutes,long-cast,120 feet,feet,120,,true,true,true,a thin sheet of lead,24 hours,false,false,false,,false,,Using a Higher-Level Spell Slot. You can increase the size of the Cube by 100 feet for each spell slot level above 4.,Spell Descriptions: Private Sanctum
produce-flame,Produce Flame,0,conjuration,Bonus Action,bonus-action,Self,self,,,true,true,false,,10 minutes,false,false,false,,true,ranged,"Cantrip Upgrade. The damage increases by 1d8 when you reach levels 5 (2d8), 11 (3d8), and 17 (4d8).",Spell Descriptions: Produce Flame
programmed-illusion,Programmed Illusion,6,illusion,Action,action,120 feet,feet,120,,true,true,true,jade dust worth 25+ GP,Until dispelled,false,false,false,,false,,,Spell Descriptions: Programmed Illusion
project-image,Project Image,7,illusion,Action,action,500 miles,miles,2640000,,true,true,true,a statuette of yourself worth 5+ GP,"Concentration, up to 1 day",true,false,false,,false,,,Spell Descriptions: Project Image
protection-from-energy,Protection from Energy,3,abjuration,Action,action,Touch,touch,,,true,true,false,,"Concentration, up to 1 hour",true,false,false,,false,,,Spell Descriptions: Protection from Energy
protection-from-evil-and-good,Protection from Evil and Good,1,abjuration,Action,action,Touch,touch,,,true,true,true,"a flask of Holy Water worth 25+ GP, which the spell consumes",Concentration up to 10 minutes,true,false,false,,false,,,Spell Descriptions: Protection from Evil and Good
protection-from-poison,Protection from Poison,2,abjuration,Action,action,Touch,touch,,,true,true,false,,1 hour,false,false,false,,false,,,Spell Descriptions: Protection from Poison
purify-food-and-drink,Purify Food and Drink,1,transmutation,Action or Ritual,action,10 feet,feet,10,,true,true,false,,Instantaneous,false,true,false,,false,,,Spell Descriptions: Purify Food and Drink
raise-dead,Raise Dead,5,necromancy,1 hour,long-cast,Touch,touch,,,true,true,true,"a diamond worth 500+ GP, which the spell consumes",Instantaneous,false,false,false,,false,,,Spell Descriptions: Raise Dead
ray-of-enfeeblement,Ray of Enfeeblement,2,necromancy,Action,action,60 feet,feet,60,,true,true,false,,"Concentration, up to 1 minute",true,false,true,constitution,false,,,Spell Descriptions: Ray of Enfeeblement
ray-of-frost,Ray of Frost,0,evocation,Action,action,60 feet,feet,60,,true,true,false,,Instantaneous,false,false,false,,true,ranged,"Cantrip Upgrade. The damage increases by 1d8 when you reach levels 5 (2d8), 11 (3d8), and 17 (4d8).",Spell Descriptions: Ray of Frost
regenerate,Regenerate,7,transmutation,1 minute,long-cast,Touch,touch,,,true,true,true,a prayer wheel,1 hour,false,false,false,,false,,,Spell Descriptions: Regenerate
ray-of-sickness,Ray of Sickness,1,necromancy,Action,action,60 feet,feet,60,,true,true,false,,Instantaneous,false,false,false,,true,ranged,Using a Higher-Level Spell Slot. The damage increases by 1d8 for each spell slot level above 1.,Spell Descriptions: Ray of Sickness
reincarnate,Reincarnate,5,necromancy,1 hour,long-cast,Touch,touch,,,true,true,true,"rare oils worth 1,000+ GP, which the spell consumes",Instantaneous,false,false,false,,false,,,Spell Descriptions: Reincarnate
remove-curse,Remove Curse,3,abjuration,Action,action,Touch,touch,,,true,true,false,,Instantaneous,false,false,false,,false,,,Spell Descriptions: Remove Curse
resilient-sphere,Resilient Sphere,4,abjuration,Action,action,30 feet,feet,30,,true,true,true,a glass sphere,"Concentration, up to 1 minute",true,false,true,dexterity,false,,,Spell Descriptions: Resilient Sphere
resistance,Resistance,0,abjuration,Action,action,Touch,touch,,,true,true,false,,"Concentration, up to 1 minute",true,false,false,,false,,,Spell Descriptions: Resistance
resurrection,Resurrection,7,necromancy,1 hour,long-cast,Touch,touch,,,true,true,true,"a diamond worth 1,000+ GP, which the spell consumes",Instantaneous,false,false,false,,false,,,Spell Descriptions: Resurrection
reverse-gravity,Reverse Gravity,7,transmutation,Action,action,100 feet,feet,100,,true,true,true,a lodestone and iron filings,"Concentration, up to 1 minute",true,false,true,dexterity,false,,,Spell Descriptions: Reverse Gravity
revivify,Revivify,3,necromancy,Action,action,Touch,touch,,,true,true,true,"a diamond worth 300+ GP, which the spell consumes",Instantaneous,false,false,false,,false,,,Spell Descriptions: Revivify
rope-trick,Rope Trick,2,transmutation,Action,action,Touch,touch,,,true,true,true,a segment of rope,1 hour,false,false,false,,false,,,Spell Descriptions: Rope Trick
sacred-flame,Sacred Flame,0,evocation,Action,action,60 feet,feet,60,,true,true,false,,Instantaneous,false,false,true,dexterity,false,,"Cantrip Upgrade. The damage increases by 1d8 when you reach levels 5 (2d8), 11 (3d8), and 17 (4d8).",Spell Descriptions: Sacred Flame
sanctuary,Sanctuary,1,abjuration,Bonus Action,bonus-action,30 feet,feet,30,,true,true,true,a shard of glass from a mirror,1 minute,false,false,true,wisdom,false,,,Spell Descriptions: Sanctuary
scorching-ray,Scorching Ray,2,evocation,Action,action,120 feet,feet,120,,true,true,false,,Instantaneous,false,false,false,,true,ranged,Using a Higher-Level Spell Slot. You create one additional ray for each spell slot level above 2.,Spell Descriptions: Scorching Ray
scrying,Scrying,5,divination,10 minutes,long-cast,Self,self,,,true,true,true,"a focus worth 1,000+ GP, such as a crystal ball, mirror, or water-filled font","Concentration, up to 10 minutes",true,false,true,wisdom,false,,,Spell Descriptions: Scrying
searing-smite,Searing Smite,1,evocation,"Bonus Action, which you take immediately after hitting a target with a Melee weapon or an Unarmed Strike",bonus-action,Self,self,,,true,false,false,,1 minute,false,false,true,constitution,false,,Using a Higher-Level Spell Slot. All the damage increases by 1d6 for each spell slot level above 1.,Spell Descriptions: Searing Smite
secret-chest,Secret Chest,4,conjuration,Action,action,Touch,touch,,,true,true,true,"a chest, 3 feet by 2 feet by 2 feet, constructed from rare materials worth 5,000+ GP, and a Tiny replica of the chest made from the same materials worth 50+ GP",Until dispelled,false,false,false,,false,,,Spell Descriptions: Secret Chest
see-invisibility,See Invisibility,2,divination,Action,action,Self,self,,,true,true,true,a pinch of talc,1 hour,false,false,false,,false,,,Spell Descriptions: See Invisibility
seeming,Seeming,5,illusion,Action,action,30 feet,feet,30,,true,true,false,,8 hours,false,false,true,charisma,false,,,Spell Descriptions: Seeming
sending,Sending,3,divination,Action,action,Unlimited,unlimited,,,true,true,true,a copper wire,Instantaneous,false,false,false,,false,,,Spell Descriptions: Sending
sequester,Sequester,7,transmutation,Action,action,Touch,touch,,,true,true,true,"gem dust worth 5,000+ GP, which the spell consumes",Until dispelled,false,false,false,,false,,,Spell Descriptions: Sequester
shapechange,Shapechange,9,transmutation,Action,action,Self,self,,,true,true,true,"a jade circlet worth 1,500+ GP","Concentration, up to 1 hour",true,false,false,,false,,,Spell Descriptions: Shapechange
shatter,Shatter,2,evocation,Action,action,60 feet,feet,60,,true,true,true,a chip of mica,Instantaneous,false,false,true,constitution,false,,Using a Higher-Level Spell Slot. The damage increases by 1d8 for each spell slot level above 2.,Spell Descriptions: Shatter
shield,Shield,1,abjuration,"Reaction, which you take when you are hit by an attack roll or targeted by the Magic Missile spell",reaction,Self,self,,,true,true,false,,1 round,false,false,false,,false,,,Spell Descriptions: Shield
shield-of-faith,Shield of Faith,1,abjuration,Bonus Action,bonus-action,60 feet,feet,60,,true,true,true,a prayer scroll,"Concentration, up to 10 minutes",true,false,false,,false,,,Spell Descriptions: Shield of Faith
shillelagh,Shillelagh,0,transmutation,Bonus Action,bonus-action,Self,self,,,true,true,true,mistletoe,1 minute,false,false,false,,false,,"Cantrip Upgrade. The damage die changes when you reach levels 5 (d10), 11 (d12), and 17 (2d6).",Spell Descriptions: Shillelagh
shining-smite,Shining Smite,2,transmutation,"Bonus Action, which you take immediately after hitting a creature with a Melee weapon or an Unarmed Strike",bonus-action,Self,self,,,true,false,false,,"Concentration, up to 1 minute",true,false,false,,false,,Using a Higher-Level Spell Slot. The damage increases by 1d6 for each spell slot level above 2.,Spell Descriptions: Shining Smite
shocking-grasp,Shocking Grasp,0,evocation,Action,action,Touch,touch,,,true,true,false,,Instantaneous,false,false,false,,true,melee,"Cantrip Upgrade. The damage increases by 1d8 when you reach levels 5 (2d8), 11 (3d8), and 17 (4d8).",Spell Descriptions: Shocking Grasp
silence,Silence,2,illusion,Action or Ritual,action,120 feet,feet,120,,true,true,false,,"Concentration, up to 10 minutes",true,true,false,,false,,,Spell Descriptions: Silence
silent-image,Silent Image,1,illusion,Action,action,60 feet,feet,60,,true,true,true,a bit of fleece,"Concentration, up to 10 minutes",true,false,false,,false,,,Spell Descriptions: Silent Image
simulacrum,Simulacrum,7,illusion,12 hours,long-cast,Touch,touch,,,true,true,true,"powdered ruby worth 1,500+ GP, which the spell consumes",Until dispelled,false,false,false,,false,,,Spell Descriptions: Simulacrum
sleep,Sleep,1,enchantment,Action,action,60 feet,feet,60,,true,true,true,a pinch of sand or rose petals,"Concentration, up to 1 minute",true,false,true,wisdom,false,,,Spell Descriptions: Sleep
sleet-storm,Sleet Storm,3,conjuration,Action,action,150 feet,feet,150,,true,true,true,a miniature umbrella,"Concentration, up to 1 minute",true,false,true,dexterity,false,,,Spell Descriptions: Sleet Storm
slow,Slow,3,transmutation,Action,action,120 feet,feet,120,,true,true,true,a drop of molasses,"Concentration, up to 1 minute",true,false,true,dexterity;wisdom,false,,,Spell Descriptions: Slow
sorcerous-burst,Sorcerous Burst,0,evocation,Action,action,120 feet,feet,120,,true,true,false,,Instantaneous,false,false,false,,true,ranged,"Cantrip Upgrade. The damage increases by 1d8 when you reach levels 5 (2d8), 11 (3d8), and 17 (4d8).",Spell Descriptions: Sorcerous Burst
spare-the-dying,Spare the Dying,0,necromancy,Action,action,15 feet,feet,15,,true,true,false,,Instantaneous,false,false,false,,false,,"Cantrip Upgrade. The range doubles when you reach levels 5 (30 feet), 11 (60 feet), and 17 (120 feet).",Spell Descriptions: Spare the Dying
speak-with-animals,Speak with Animals,1,divination,Action or Ritual,action,Self,self,,,true,true,false,,10 minutes,false,true,false,,false,,,Spell Descriptions: Speak with Animals
speak-with-dead,Speak with Dead,3,necromancy,Action,action,10 feet,feet,10,,true,true,true,burning incense,10 minutes,false,false,false,,false,,,Spell Descriptions: Speak with Dead
speak-with-plants,Speak with Plants,3,transmutation,Action,action,Self,self,,,true,true,false,,10 minutes,false,false,false,,false,,,Spell Descriptions: Speak with Plants
spider-climb,Spider Climb,2,transmutation,Action,action,Touch,touch,,,true,true,true,a drop of bitumen and a spider,"Concentration, up to 1 hour",true,false,false,,false,,Using a Higher-Level Spell Slot. You can target one additional creature for each spell slot level above 2.,Spell Descriptions: Spider Climb
spike-growth,Spike Growth,2,transmutation,Action,action,150 feet,feet,150,,true,true,true,seven thorns,"Concentration, up to 10 minutes",true,false,false,,false,,,Spell Descriptions: Spike Growth
spirit-guardians,Spirit Guardians,3,conjuration,Action,action,Self,self,,,true,true,true,a prayer scroll,"Concentration, up to 10 minutes",true,false,true,wisdom,false,,Using a Higher-Level Spell Slot. The damage increases by 1d8 for each spell slot level above 3.,Spell Descriptions: Spirit Guardians
spiritual-weapon,Spiritual Weapon,2,evocation,Bonus Action,bonus-action,60 feet,feet,60,,true,true,false,,"Concentration, up to 1 minute",true,false,false,,true,melee,Using a Higher-Level Spell Slot. The damage increases by 1d8 for every slot level above 2.,Spell Descriptions: Spiritual Weapon
starry-wisp,Starry Wisp,0,evocation,Action,action,60 feet,feet,60,,true,true,false,,Instantaneous,false,false,false,,true,ranged,"Cantrip Upgrade. The damage increases by 1d8 when you reach levels 5 (2d8), 11 (3d8), and 17 (4d8).",Spell Descriptions: Starry Wisp
stinking-cloud,Stinking Cloud,3,conjuration,Action,action,90 feet,feet,90,,true,true,true,a rotten egg,"Concentration, up to 1 minute",true,false,true,constitution,false,,,Spell Descriptions: Stinking Cloud
stone-shape,Stone Shape,4,transmutation,Action,action,Touch,touch,,,true,true,true,soft clay,Instantaneous,false,false,false,,false,,,Spell Descriptions: Stone Shape
stoneskin,Stoneskin,4,transmutation,Action,action,Touch,touch,,,true,true,true,"diamond dust worth 100+ GP, which the spell consumes","Concentration, up to 1 hour",true,false,false,,false,,,Spell Descriptions: Stoneskin
storm-of-vengeance,Storm of Vengeance,9,conjuration,Action,action,1 mile,miles,5280,,true,true,false,,"Concentration, up to 1 minute",true,false,true,constitution;dexterity,false,,,Spell Descriptions: Storm of Vengeance
suggestion,Suggestion,2,enchantment,Action,action,30 feet,feet,30,,true,false,true,a drop of honey,"Concentration, up to 8 hours",true,false,true,wisdom,false,,,Spell Descriptions: Suggestion
summon-dragon,Summon Dragon,5,conjuration,Action,action,60 feet,feet,60,,true,true,true,an object with the image of a dragon engraved on it worth 500+ GP,"Concentration, up to 1 hour",true,false,false,,false,,Using a Higher-Level Spell Slot. Use the spell slot's level for the spell's level in the stat block.,Spell Descriptions: Summon Dragon
sunbeam,Sunbeam,6,evocation,Action,action,Self,self,,,true,true,true,a magnifying glass,"Concentration, up to 1 minute",true,false,true,constitution,false,,,Spell Descriptions: Sunbeam
sunburst,Sunburst,8,evocation,Action,action,150 feet,feet,150,,true,true,true,a piece of sunstone,Instantaneous,false,false,true,constitution,false,,,Spell Descriptions: Sunburst
symbol,Symbol,7,abjuration,1 minute,long-cast,Touch,touch,,,true,true,true,"powdered diamond worth 1,000+ GP, which the spell consumes",Until dispelled or triggered,false,false,true,constitution;wisdom,false,,,Spell Descriptions: Symbol
telekinesis,Telekinesis,5,transmutation,Action,action,60 feet,feet,60,,true,true,false,,"Concentration, up to 10 minutes",true,false,true,strength,false,,,Spell Descriptions: Telekinesis
telepathic-bond,Telepathic Bond,5,divination,Action or Ritual,action,30 feet,feet,30,,true,true,true,two eggs,1 hour,false,true,false,,false,,,Spell Descriptions: Telepathic Bond
teleport,Teleport,7,conjuration,Action,action,10 feet,feet,10,,true,false,false,,Instantaneous,false,false,false,,false,,,Spell Descriptions: Teleport
teleportation-circle,Teleportation Circle,5,conjuration,1 minute,long-cast,10 feet,feet,10,,true,false,true,"rare inks worth 50+ GP, which the spell consumes",1 round,false,false,false,,false,,,Spell Descriptions: Teleportation Circle
thaumaturgy,Thaumaturgy,0,transmutation,Action,action,30 feet,feet,30,,true,false,false,,Up to 1 minute,false,false,false,,false,,,Spell Descriptions: Thaumaturgy
thunderwave,Thunderwave,1,evocation,Action,action,Self,self,,,true,true,false,,Instantaneous,false,false,true,constitution,false,,Using a Higher-Level Spell Slot. The damage increases by 1d8 for each spell slot level above 1.,Spell Descriptions: Thunderwave
time-stop,Time Stop,9,transmutation,Action,action,Self,self,,,true,false,false,,Instantaneous,false,false,false,,false,,,Spell Descriptions: Time Stop
tiny-hut,Tiny Hut,3,evocation,1 minute or Ritual,long-cast,Self,self,,,true,true,true,a crystal bead,8 hours,false,true,false,,false,,,Spell Descriptions: Tiny Hut
tongues,Tongues,3,divination,Action,action,Touch,touch,,,true,false,true,a miniature ziggurat,1 hour,false,false,false,,false,,,Spell Descriptions: Tongues
transport-via-plants,Transport via Plants,6,conjuration,Action,action,10 feet,feet,10,,true,true,false,,1 minute,false,false,false,,false,,,Spell Descriptions: Transport via Plants
tree-stride,Tree Stride,5,conjuration,Action,action,Self,self,,,true,true,false,,"Concentration, up to 1 minute",true,false,false,,false,,,Spell Descriptions: Tree Stride
true-polymorph,True Polymorph,9,transmutation,Action,action,30 feet,feet,30,,true,true,true,"a drop of mercury, a dollop of gum arabic, and a wisp of smoke","Concentration, up to 1 hour",true,false,true,wisdom,false,,,Spell Descriptions: True Polymorph
true-resurrection,True Resurrection,9,necromancy,1 hour,long-cast,Touch,touch,,,true,true,true,"diamonds worth 25,000+ GP, which the spell consumes",Instantaneous,false,false,false,,false,,,Spell Descriptions: True Resurrection
true-seeing,True Seeing,6,divination,Action,action,Touch,touch,,,true,true,true,"mushroom powder worth 25+ GP, which the spell consumes",1 hour,false,false,false,,false,,,Spell Descriptions: True Seeing
true-strike,True Strike,0,divination,Action,action,Self,self,,,false,true,true,a weapon with which you have proficiency and that is worth 1+ CP,Instantaneous,false,false,false,,false,,"Cantrip Upgrade. Whether you deal Radiant damage or the weapon's normal damage type, the attack deals extra Radiant damage when you reach levels 5 (1d6), 11 (2d6), and 17 (3d6).",Spell Descriptions: True Strike
tsunami,Tsunami,8,conjuration,1 minute,long-cast,1 mile,miles,5280,,true,true,false,,"Concentration, up to 6 rounds",true,false,true,strength,false,,,Spell Descriptions: Tsunami
unseen-servant,Unseen Servant,1,conjuration,Action or Ritual,action,60 feet,feet,60,,true,true,true,a bit of string and of wood,1 hour,false,true,false,,false,,,Spell Descriptions: Unseen Servant
vampiric-touch,Vampiric Touch,3,necromancy,Action,action,Self,self,,,true,true,false,,"Concentration, up to 1 minute",true,false,false,,true,melee,Using a Higher-Level Spell Slot. The damage increases by 1d6 for each spell slot level above 3.,Spell Descriptions: Vampiric Touch
vicious-mockery,Vicious Mockery,0,enchantment,Action,action,60 feet,feet,60,,true,false,false,,Instantaneous,false,false,true,wisdom,false,,"Cantrip Upgrade. The damage increases by 1d6 when you reach levels 5 (2d6), 11 (3d6), and 17 (4d6).",Spell Descriptions: Vicious Mockery
vitriolic-sphere,Vitriolic Sphere,4,evocation,Action,action,150 feet,feet,150,,true,true,true,a drop of bile,Instantaneous,false,false,true,dexterity,false,,Using a Higher-Level Spell Slot. The initial damage increases by 2d4 for each spell slot level above 4.,Spell Descriptions: Vitriolic Sphere
wall-of-fire,Wall of Fire,4,evocation,Action,action,120 feet,feet,120,,true,true,true,a piece of charcoal,"Concentration, up to 1 minute",true,false,true,dexterity,false,,Using a Higher-Level Spell Slot. The damage increases by 1d8 for each spell slot level above 4.,Spell Descriptions: Wall of Fire
wall-of-force,Wall of Force,5,evocation,Action,action,120 feet,feet,120,,true,true,true,a shard of glass,"Concentration, up to 10 minutes",true,false,false,,false,,,Spell Descriptions: Wall of Force
wall-of-ice,Wall of Ice,6,evocation,Action,action,120 feet,feet,120,,true,true,true,a piece of quartz,"Concentration, up to 10 minutes",true,false,true,constitution;dexterity,false,,Using a Higher-Level Spell Slot. The damage the wall deals when it appears increases by 2d6 and the damage from passing through the sheet of frigid air increases by 1d6 for each spell slot level above 6.,Spell Descriptions: Wall of Ice
wall-of-stone,Wall of Stone,5,evocation,Action,action,120 feet,feet,120,,true,true,true,a cube of granite,"Concentration, up to 10 minutes",true,false,true,dexterity,false,,,Spell Descriptions: Wall of Stone
wall-of-thorns,Wall of Thorns,6,conjuration,Action,action,120 feet,feet,120,,true,true,true,a handful of thorns,"Concentration, up to 10 minutes",true,false,true,dexterity,false,,Using a Higher-Level Spell Slot. Both types of damage increase by 1d8 for each spell slot level above 6.,Spell Descriptions: Wall of Thorns
warding-bond,Warding Bond,2,abjuration,Action,action,Touch,touch,,,true,true,true,"a pair of platinum rings worth 50+ GP each, which you and the target must wear for the duration",1 hour,false,false,false,,false,,,Spell Descriptions: Warding Bond
water-breathing,Water Breathing,3,transmutation,Action or Ritual,action,30 feet,feet,30,,true,true,true,a short reed,24 hours,false,true,false,,false,,,Spell Descriptions: Water Breathing
water-walk,Water Walk,3,transmutation,Action or Ritual,action,30 feet,feet,30,,true,true,true,a piece of cork,1 hour,false,true,false,,false,,,Spell Descriptions: Water Walk
web,Web,2,conjuration,Action,action,60 feet,feet,60,,true,true,true,a bit of spiderweb,"Concentration, up to 1 hour",true,false,true,dexterity,false,,,Spell Descriptions: Web
weird,Weird,9,illusion,Action,action,120 feet,feet,120,,true,true,false,,"Concentration, up to 1 minute",true,false,true,wisdom,false,,,Spell Descriptions: Weird
wind-walk,Wind Walk,6,transmutation,1 minute,long-cast,30 feet,feet,30,,true,true,true,a candle,8 hours,false,false,false,,false,,,Spell Descriptions: Wind Walk
wind-wall,Wind Wall,3,evocation,Action,action,120 feet,feet,120,,true,true,true,a fan and a feather,"Concentration, up to 1 minute",true,false,true,strength,false,,,Spell Descriptions: Wind Wall
wish,Wish,9,conjuration,Action,action,Self,self,,,true,false,false,,Instantaneous,false,false,false,,false,,,Spell Descriptions: Wish
word-of-recall,Word of Recall,6,conjuration,Action,action,5 feet,feet,5,,true,false,false,,Instantaneous,false,false,false,,false,,,Spell Descriptions: Word of Recall
zone-of-truth,Zone of Truth,2,enchantment,Action,action,60 feet,feet,60,,true,true,false,,10 minutes,false,false,true,charisma,false,,,Spell Descriptions: Zone of Truth
