expressionKey,spellKey,spellLabel,expressionKind,diceExpression,staticAmount,damageTypeKeys,healingKind,context,sourceSection
acid-arrow-damage-1,acid-arrow,Acid Arrow,damage,4d4,,acid,,"t within range and bursts in a spray of acid. Make a ranged spell attack against the target. On a hit, the target takes 4d4 Acid damage and 2d4 Acid damage at the end of its next turn. On a miss, the arrow splashes the target with acid for half as much of the initial damage only. Us",Spell Descriptions: Acid Arrow
acid-arrow-damage-2,acid-arrow,Acid Arrow,damage,2d4,,acid,,"ursts in a spray of acid. Make a ranged spell attack against the target. On a hit, the target takes 4d4 Acid damage and 2d4 Acid damage at the end of its next turn. On a miss, the arrow splashes the target with acid for half as much of the initial damage only. Using a Higher-Level S",Spell Descriptions: Acid Arrow
acid-arrow-damage-3,acid-arrow,Acid Arrow,damage,1d4,,,,f as much of the initial damage only. Using a Higher-Level Spell Slot. The damage (both initial and later) increases by 1d4 for each spell slot level above 2.,Spell Descriptions: Acid Arrow
acid-splash-damage-1,acid-splash,Acid Splash,damage,1d6,,acid,,"re it explodes in a 5-foot-radius Sphere. Each creature in that Sphere must succeed on a Dexterity saving throw or take 1d6 Acid damage. Cantrip Upgrade. The damage increases by 1d6 when you reach levels 5 (2d6), 11 (3d6), and 17 (4d6).",Spell Descriptions: Acid Splash
acid-splash-damage-2,acid-splash,Acid Splash,damage,1d6,,acid,,"that Sphere must succeed on a Dexterity saving throw or take 1d6 Acid damage. Cantrip Upgrade. The damage increases by 1d6 when you reach levels 5 (2d6), 11 (3d6), and 17 (4d6).",Spell Descriptions: Acid Splash
acid-splash-damage-3,acid-splash,Acid Splash,damage,2d6,,acid,,"a Dexterity saving throw or take 1d6 Acid damage. Cantrip Upgrade. The damage increases by 1d6 when you reach levels 5 (2d6), 11 (3d6), and 17 (4d6).",Spell Descriptions: Acid Splash
acid-splash-damage-4,acid-splash,Acid Splash,damage,3d6,,acid,,"y saving throw or take 1d6 Acid damage. Cantrip Upgrade. The damage increases by 1d6 when you reach levels 5 (2d6), 11 (3d6), and 17 (4d6).",Spell Descriptions: Acid Splash
acid-splash-damage-5,acid-splash,Acid Splash,damage,4d6,,acid,,"or take 1d6 Acid damage. Cantrip Upgrade. The damage increases by 1d6 when you reach levels 5 (2d6), 11 (3d6), and 17 (4d6).",Spell Descriptions: Acid Splash
aid-healing-1,aid,Aid,healing,,5,,hit-point-maximum,Choose up to three creatures within range. Each target's Hit Point maximum and current Hit Points increase by 5 for the duration. Using a Higher-Level Spell Slot. Each target's Hit Points increase by 5 for each spell slot level above 2.,Spell Descriptions: Aid
aid-healing-2,aid,Aid,healing,,5,,hit-point-maximum,Hit Point maximum and current Hit Points increase by 5 for the duration. Using a Higher-Level Spell Slot. Each target's Hit Points increase by 5 for each spell slot level above 2.,Spell Descriptions: Aid
alter-self-damage-1,alter-self,Alter Self,damage,1d6,,bludgeoning;piercing,,"rns (Piercing), or hooves (Bludgeoning). When you use your Unarmed Strike to deal damage with that new growth, it deals 1d6 damage of the type in parentheses instead of dealing the normal damage for your Unarmed Strike, and you use your spellcasting ability modifier for the attack a",Spell Descriptions: Alter Self
animate-objects-damage-1,animate-objects,Animate Objects,damage,1d4,,,,"ny remaining damage carries over to that form. Using a Higher-Level Spell Slot. The creature's Slam damage increases by 1d4 (Medium or smaller), 1d6 (Large), or 1d12 (Huge) for each spell slot level above 5.",Spell Descriptions: Animate Objects
animate-objects-damage-2,animate-objects,Animate Objects,damage,1d6,,,,"es over to that form. Using a Higher-Level Spell Slot. The creature's Slam damage increases by 1d4 (Medium or smaller), 1d6 (Large), or 1d12 (Huge) for each spell slot level above 5.",Spell Descriptions: Animate Objects
animate-objects-damage-3,animate-objects,Animate Objects,damage,1d12,,,,"form. Using a Higher-Level Spell Slot. The creature's Slam damage increases by 1d4 (Medium or smaller), 1d6 (Large), or 1d12 (Huge) for each spell slot level above 5.",Spell Descriptions: Animate Objects
arcane-hand-damage-1,arcane-hand,Arcane Hand,damage,5d8,,force,,"ts: Clenched Fist. The hand strikes a target within 5 feet of it. Make a melee spell attack. On a hit, the target takes 5d8 Force damage. Forceful Hand. The hand attempts to push a Huge or smaller creature within 5 feet of it. The target must succeed on a Strength saving throw, or t",Spell Descriptions: Arcane Hand
arcane-hand-damage-2,arcane-hand,Arcane Hand,damage,4d6,,bludgeoning,,"he target, you can take a Bonus Action to cause the hand to crush it, dealing Bludgeoning damage to the target equal to 4d6 plus your spellcasting ability modifier. Interposing Hand. The hand grants you Half Cover against attacks and other effects that originate from its space or th",Spell Descriptions: Arcane Hand
arcane-hand-damage-3,arcane-hand,Arcane Hand,damage,2d8,,,,ts as Difficult Terrain for your enemies. Using a Higher-Level Spell Slot. The damage of the Clenched Fist increases by 2d8 and the damage of the Grasping Hand increases by 2d6 for each spell slot level above 5.,Spell Descriptions: Arcane Hand
arcane-hand-damage-4,arcane-hand,Arcane Hand,damage,2d6,,,,her-Level Spell Slot. The damage of the Clenched Fist increases by 2d8 and the damage of the Grasping Hand increases by 2d6 for each spell slot level above 5.,Spell Descriptions: Arcane Hand
arcane-sword-damage-1,arcane-sword,Arcane Sword,damage,4d12,,force,,"make a melee spell attack against a target within 5 feet of the sword. On a hit, the target takes Force damage equal to 4d12 plus your spellcasting ability modifier. On your later turns, you can take a Bonus Action to move the sword up to 30 feet to a spot you can see and repeat the",Spell Descriptions: Arcane Sword
befuddlement-damage-1,befuddlement,Befuddlement,damage,10d12,,psychic,,"eature that you can see within range. The target makes an Intelligence saving throw. On a failed save, the target takes 10d12 Psychic damage and can't cast spells or take the Magic action. At the end of every 30 days, the target repeats the save, ending the effect on a success. The ef",Spell Descriptions: Befuddlement
bestow-curse-damage-1,bestow-curse,Bestow Curse,damage,1d8,,necrotic,,"Dodge action on that turn. • If you deal damage to the target with an attack roll or a spell, the target takes an extra 1d8 Necrotic damage. Using a Higher-Level Spell Slot. If you cast this spell using a level 4 spell slot, you can maintain Concentration on it for up to 10 minutes.",Spell Descriptions: Bestow Curse
black-tentacles-damage-1,black-tentacles,Black Tentacles,damage,3d6,,bludgeoning,,"that area into Difficult Terrain. Each creature in that area makes a Strength saving throw. On a failed save, it takes 3d6 Bludgeoning damage, and it has the Restrained condition until the spell ends. A creature also makes that save if it enters the area or ends it turn there. A cr",Spell Descriptions: Black Tentacles
blade-barrier-damage-1,blade-barrier,Blade Barrier,damage,6d10,,force,,"ters Cover, and its space is Difficult Terrain. Any creature in the wall's space makes a Dexterity saving throw, taking 6d10 Force damage on a failed save or half as much damage on a successful one. A creature also makes that save if it enters the wall's space or ends it turn there.",Spell Descriptions: Blade Barrier
blight-damage-1,blight,Blight,damage,8d8,,necrotic,,"A creature that you can see within range makes a Constitution saving throw, taking 8d8 Necrotic damage on a failed save or half as much damage on a successful one. A Plant creature automatically fails the save. Alternatively, target a nonmagical",Spell Descriptions: Blight
blight-damage-2,blight,Blight,damage,1d8,,,,or shrub. It doesn't make a save; it simply withers and dies. Using a Higher-Level Spell Slot. The damage increases by 1d8 for each spell slot level above 4.,Spell Descriptions: Blight
burning-hands-damage-1,burning-hands,Burning Hands,damage,3d6,,fire,,"A thin sheet of flames shoots forth from you. Each creature in a 15-foot Cone makes a Dexterity saving throw, taking 3d6 Fire damage on a failed save or half as much damage on a successful one. Flammable objects in the Cone that aren't being worn or carried start burning. Using a",Spell Descriptions: Burning Hands
burning-hands-damage-2,burning-hands,Burning Hands,damage,1d6,,,,s in the Cone that aren't being worn or carried start burning. Using a Higher-Level Spell Slot. The damage increases by 1d6 for each spell slot level above 1.,Spell Descriptions: Burning Hands
call-lightning-damage-1,call-lightning,Call Lightning,damage,3d10,,lightning,,"t shoots from the cloud to that point. Each creature within 5 feet of that point makes a Dexterity saving throw, taking 3d10 Lightning damage on a failed save or half as much damage on a successful one. Until the spell ends, you can take a Magic action to call down lightning in that",Spell Descriptions: Call Lightning
call-lightning-damage-2,call-lightning,Call Lightning,damage,1d10,,,,"gives you control over that storm instead of creating a new one. Under such conditions, the spell's damage increases by 1d10. Using a Higher-Level Spell Slot. The damage increases by 1d10 for each spell slot level above 3.",Spell Descriptions: Call Lightning
call-lightning-damage-3,call-lightning,Call Lightning,damage,1d10,,,,". Under such conditions, the spell's damage increases by 1d10. Using a Higher-Level Spell Slot. The damage increases by 1d10 for each spell slot level above 3.",Spell Descriptions: Call Lightning
chain-lightning-damage-1,chain-lightning,Chain Lightning,damage,10d8,,lightning,,"creature or an object and can be targeted by only one of the bolts. Each target makes a Dexterity saving throw, taking 10d8 Lightning damage on a failed save or half as much damage on a successful one. Using a Higher-Level Spell Slot. One additional bolt leaps from the first target",Spell Descriptions: Chain Lightning
chill-touch-damage-1,chill-touch,Chill Touch,damage,1d10,,necrotic,,"Channeling the chill of the grave, make a melee spell attack against a target within reach. On a hit, the target takes 1d10 Necrotic damage, and it can't regain Hit Points until the end of your next turn. Cantrip Upgrade. The damage increases by 1d10 when you reach levels 5 (2d10),",Spell Descriptions: Chill Touch
chill-touch-damage-2,chill-touch,Chill Touch,damage,1d10,,,,"crotic damage, and it can't regain Hit Points until the end of your next turn. Cantrip Upgrade. The damage increases by 1d10 when you reach levels 5 (2d10), 11 (3d10), and 17 (4d10).",Spell Descriptions: Chill Touch
chill-touch-damage-3,chill-touch,Chill Touch,damage,2d10,,,,"gain Hit Points until the end of your next turn. Cantrip Upgrade. The damage increases by 1d10 when you reach levels 5 (2d10), 11 (3d10), and 17 (4d10).",Spell Descriptions: Chill Touch
chill-touch-damage-4,chill-touch,Chill Touch,damage,3d10,,,,"ints until the end of your next turn. Cantrip Upgrade. The damage increases by 1d10 when you reach levels 5 (2d10), 11 (3d10), and 17 (4d10).",Spell Descriptions: Chill Touch
chill-touch-damage-5,chill-touch,Chill Touch,damage,4d10,,,,"end of your next turn. Cantrip Upgrade. The damage increases by 1d10 when you reach levels 5 (2d10), 11 (3d10), and 17 (4d10).",Spell Descriptions: Chill Touch
chromatic-orb-damage-1,chromatic-orb,Chromatic Orb,damage,3d8,,,,"nder for the type of orb you create, and then make a ranged spell attack against the target. On a hit, the target takes 3d8 damage of the chosen type. If you roll the same number on two or more of the d8s, the orb leaps to a different target of your choice within 30 feet of the targ",Spell Descriptions: Chromatic Orb
chromatic-orb-damage-2,chromatic-orb,Chromatic Orb,damage,1d8,,,,"ap again unless you cast the spell with a level 2+ spell slot. Using a Higher-Level Spell Slot. The damage increases by 1d8 for each spell slot level above 1. The orb can leap a maximum number of times equal to the level of the slot expended, and a creature can be targeted only once",Spell Descriptions: Chromatic Orb
circle-of-death-damage-1,circle-of-death,Circle of Death,damage,8d8,,necrotic,,"adius Sphere from a point you choose within range. Each creature in that area makes a Constitution saving throw, taking 8d8 Necrotic damage on a failed save or half as much damage on a successful one. Using a Higher-Level Spell Slot. The damage increases by 2d8 for each spell slot l",Spell Descriptions: Circle of Death
circle-of-death-damage-2,circle-of-death,Circle of Death,damage,2d8,,,,e on a failed save or half as much damage on a successful one. Using a Higher-Level Spell Slot. The damage increases by 2d8 for each spell slot level above 6.,Spell Descriptions: Circle of Death
cloudkill-damage-1,cloudkill,Cloudkill,damage,5d8,,poison,,", ending the spell. Its area is Heavily Obscured. Each creature in the Sphere makes a Constitution saving throw, taking 5d8 Poison damage on a failed save or half as much damage on a successful one. A creature must also make this save when the Sphere moves into its space and when it",Spell Descriptions: Cloudkill
cloudkill-damage-2,cloudkill,Cloudkill,damage,1d8,,,,oves 10 feet away from you at the start of each of your turns. Using a Higher-Level Spell Slot. The damage increases by 1d8 for each spell slot level above 5.,Spell Descriptions: Cloudkill
cone-of-cold-damage-1,cone-of-cold,Cone of Cold,damage,8d8,,cold,,"ash a blast of cold air. Each creature in a 60-foot Cone originating from you makes a Constitution saving throw, taking 8d8 Cold damage on a failed save or half as much damage on a successful one. A creature killed by this spell becomes a frozen statue until it thaws. Using a Higher",Spell Descriptions: Cone of Cold
cone-of-cold-damage-2,cone-of-cold,Cone of Cold,damage,1d8,,,,e killed by this spell becomes a frozen statue until it thaws. Using a Higher-Level Spell Slot. The damage increases by 1d8 for each spell slot level above 5.,Spell Descriptions: Cone of Cold
conjure-animals-damage-1,conjure-animals,Conjure Animals,damage,3d10,,force;slashing,,"ends its turn there, you can force that creature to make a Dexterity saving throw. On a failed save, the creature takes 3d10 Slashing damage. A creature makes this save only once per turn. Using a Higher-Level Spell Slot. The damage increases by 1d10 for each spell slot level above 3",Spell Descriptions: Conjure Animals
conjure-animals-damage-2,conjure-animals,Conjure Animals,damage,1d10,,,,lashing damage. A creature makes this save only once per turn. Using a Higher-Level Spell Slot. The damage increases by 1d10 for each spell slot level above 3.,Spell Descriptions: Conjure Animals
conjure-celestial-damage-1,conjure-celestial,Conjure Celestial,damage,4d12,,radiant,,"n see in the Cylinder, choose which of these lights shines on it: Healing Light. The target regains Hit Points equal to 4d12 plus your spellcasting ability modifier. Searing Light. The target makes a Dexterity saving throw, taking 6d12 Radiant damage on a failed save or half as much",Spell Descriptions: Conjure Celestial
conjure-celestial-damage-2,conjure-celestial,Conjure Celestial,damage,6d12,,radiant,,"equal to 4d12 plus your spellcasting ability modifier. Searing Light. The target makes a Dexterity saving throw, taking 6d12 Radiant damage on a failed save or half as much damage on a successful one. Until the spell ends, Bright Light fills the Cylinder, and when you move on your tu",Spell Descriptions: Conjure Celestial
conjure-celestial-damage-3,conjure-celestial,Conjure Celestial,damage,1d12,,,,e can be affected by this spell only once per turn. Using a Higher-Level Spell Slot. The healing and damage increase by 1d12 for each spell slot level above 7.,Spell Descriptions: Conjure Celestial
conjure-elemental-damage-1,conjure-elemental,Conjure Elemental,damage,8d8,,,,"at creature to make a Dexterity saving throw if the spirit has no creature Restrained. On failed save, the target takes 8d8 damage of the spirit's type, and the target has the Restrained condition until the spell ends. At the start of each of its turns, the Restrained target repeats",Spell Descriptions: Conjure Elemental
conjure-elemental-damage-2,conjure-elemental,Conjure Elemental,damage,4d8,,,,"ell ends. At the start of each of its turns, the Restrained target repeats the save. On a failed save, the target takes 4d8 damage of the spirit's type. On a successful save, the target isn't Restrained by the spirit. Using a Higher-Level Spell Slot. The damage increases by 1d8 for",Spell Descriptions: Conjure Elemental
conjure-elemental-damage-3,conjure-elemental,Conjure Elemental,damage,1d8,,,,"a successful save, the target isn't Restrained by the spirit. Using a Higher-Level Spell Slot. The damage increases by 1d8 for each spell slot level above 5.",Spell Descriptions: Conjure Elemental
conjure-fey-damage-1,conjure-fey,Conjure Fey,damage,3d12,,psychic,,"make one melee spell attack against a creature within 5 feet of it. On a hit, the target takes Psychic damage equal to 3d12 plus your spellcasting ability modifier, and the target has the Frightened condition until the start of your next turn, with both you and the spirit as the sou",Spell Descriptions: Conjure Fey
conjure-fey-damage-2,conjure-fey,Conjure Fey,damage,1d12,,,,ft and make the attack against a creature within 5 feet of it. Using a Higher-Level Spell Slot. The damage increases by 1d12 for each spell slot level above 6.,Spell Descriptions: Conjure Fey
conjure-minor-elementals-damage-1,conjure-minor-elementals,Conjure Minor Elementals,damage,2d8,,acid;cold;fire;lightning,,"that flit around you in a 15-foot Emanation for the duration. Until the spell ends, any attack you make deals an extra 2d8 damage when you hit a creature in the Emanation. This damage is Acid, Cold, Fire, or Lightning (your choice when you make the attack). In addition, the ground",Spell Descriptions: Conjure Minor Elementals
conjure-minor-elementals-damage-2,conjure-minor-elementals,Conjure Minor Elementals,damage,1d8,,,,ground in the Emanation is Difficult Terrain for your enemies. Using a Higher-Level Spell Slot. The damage increases by 1d8 for each spell slot level above 4.,Spell Descriptions: Conjure Minor Elementals
conjure-woodland-beings-damage-1,conjure-woodland-beings,Conjure Woodland Beings,damage,5d8,,force,,"ers the Emanation or ends its turn there, you can force that creature to make a Wisdom saving throw. The creature takes 5d8 Force damage on a failed save or half as much damage on a successful one. A creature makes this save only once per turn. In addition, you can take the Disengag",Spell Descriptions: Conjure Woodland Beings
conjure-woodland-beings-damage-2,conjure-woodland-beings,Conjure Woodland Beings,damage,1d8,,,,e Disengage action as a Bonus Action for the spell's duration. Using a Higher-Level Spell Slot. The damage increases by 1d8 for each spell slot level above 4.,Spell Descriptions: Conjure Woodland Beings
contact-other-plane-damage-1,contact-other-plane,Contact Other Plane,damage,6d6,,psychic,,"one-word answer would be misleading, the GM might instead offer a short phrase as an answer. On a failed save, you take 6d6 Psychic damage and have the Incapacitated condition until you finish a Long Rest. A Greater Restoration spell cast on you ends this effect.",Spell Descriptions: Contact Other Plane
contagion-damage-1,contagion,Contagion,damage,11d8,,necrotic,,"Your touch inflicts a magical contagion. The target must succeed on a Constitution saving throw or take 11d8 Necrotic damage and have the Poisoned condition. Also, choose one ability when you cast the spell. While Poisoned, the target has Disadvantage on saving throws",Spell Descriptions: Contagion
control-water-damage-1,control-water,Control Water,damage,2d8,,bludgeoning,,"the first time on a turn or ends its turn there, it makes a Strength saving throw. On a failed save, the creature takes 2d8 Bludgeoning damage. On a successful save, the creature takes half as much damage. A creature can swim away from the whirlpool only if it first takes an action",Spell Descriptions: Control Water
cure-wounds-healing-1,cure-wounds,Cure Wounds,healing,2d8,,,hit-points,A creature you touch regains a number of Hit Points equal to 2d8 plus your spellcasting ability modifier. Using a Higher-Level Spell Slot. The healing increases by 2d8 for each spell slot level above 1.,Spell Descriptions: Cure Wounds
delayed-blast-fireball-damage-1,delayed-blast-fireball,Delayed Blast Fireball,damage,12d6,,,,"to the total accumulated damage on a failed save or half as much damage on a successful one. The spell's base damage is 12d6, and the damage increases by 1d6 whenever your turn ends and the spell hasn't ended. If a creature touches the glowing bead before the spell ends, that creatur",Spell Descriptions: Delayed Blast Fireball
delayed-blast-fireball-damage-2,delayed-blast-fireball,Delayed Blast Fireball,damage,1d6,,,,"a failed save or half as much damage on a successful one. The spell's base damage is 12d6, and the damage increases by 1d6 whenever your turn ends and the spell hasn't ended. If a creature touches the glowing bead before the spell ends, that creature makes a Dexterity saving throw.",Spell Descriptions: Delayed Blast Fireball
delayed-blast-fireball-damage-3,delayed-blast-fireball,Delayed Blast Fireball,damage,1d6,,,,xplosion that aren't being worn or carried start burning. Using a Higher-Level Spell Slot. The base damage increases by 1d6 for each spell slot level above 7.,Spell Descriptions: Delayed Blast Fireball
dimension-door-damage-1,dimension-door,Dimension Door,damage,4d6,,force,,"e occupied by a creature or completely filled by one or more objects, you and any creature traveling with you each take 4d6 Force damage, and the teleportation fails.",Spell Descriptions: Dimension Door
disintegrate-damage-1,disintegrate,Disintegrate,damage,10d6+40,,force,,"by Wall of Force. A creature targeted by this spell makes a Dexterity saving throw. On a failed save, the target takes 10d6 + 40 Force damage. If this damage reduces it to 0 Hit Points, it and everything nonmagical it is wearing and carrying are disintegrated into gray dust. The target c",Spell Descriptions: Disintegrate
disintegrate-damage-2,disintegrate,Disintegrate,damage,3d6,,,,"larger, this spell disintegrates a 10-foot-Cube portion of it. Using a Higher-Level Spell Slot. The damage increases by 3d6 for each spell slot level above 6.",Spell Descriptions: Disintegrate
dissonant-whispers-damage-1,dissonant-whispers,Dissonant Whispers,damage,3d6,,psychic,,"within range hears a discordant melody in its mind. The target makes a Wisdom saving throw. On a failed save, it takes 3d6 Psychic damage and must immediately use its Reaction, if available, to move as far away from you as it can, using the safest route. On a successful save, the t",Spell Descriptions: Dissonant Whispers
dissonant-whispers-damage-2,dissonant-whispers,Dissonant Whispers,damage,1d6,,,,"a successful save, the target takes half as much damage only. Using a Higher-Level Spell Slot. The damage increases by 1d6 for each spell slot level above 1.",Spell Descriptions: Dissonant Whispers
divine-favor-damage-1,divine-favor,Divine Favor,damage,1d4,,radiant,,"Until the spell ends, your attacks with weapons deal an extra 1d4 Radiant damage on a hit.",Spell Descriptions: Divine Favor
divine-smite-damage-1,divine-smite,Divine Smite,damage,2d8,,radiant,,The target takes an extra 2d8 Radiant damage from the attack. The damage increases by 1d8 if the target is a Fiend or an Undead. Using a Higher-Level Spell Slot. The damage increases by 1d8,Spell Descriptions: Divine Smite
divine-smite-damage-2,divine-smite,Divine Smite,damage,1d8,,radiant,,The target takes an extra 2d8 Radiant damage from the attack. The damage increases by 1d8 if the target is a Fiend or an Undead. Using a Higher-Level Spell Slot. The damage increases by 1d8 for each spell slot level above 1.,Spell Descriptions: Divine Smite
divine-smite-damage-3,divine-smite,Divine Smite,damage,1d8,,,,damage increases by 1d8 if the target is a Fiend or an Undead. Using a Higher-Level Spell Slot. The damage increases by 1d8 for each spell slot level above 1.,Spell Descriptions: Divine Smite
dragons-breath-damage-1,dragons-breath,Dragon's Breath,damage,3d6,,,,"get can take a Magic action to exhale a 15-foot Cone. Each creature in that area makes a Dexterity saving throw, taking 3d6 damage of the chosen type on a failed save or half as much damage on a successful one. Using a Higher-Level Spell Slot. The damage increases by 1d6 for each sp",Spell Descriptions: Dragon's Breath
dragons-breath-damage-2,dragons-breath,Dragon's Breath,damage,1d6,,,,e on a failed save or half as much damage on a successful one. Using a Higher-Level Spell Slot. The damage increases by 1d6 for each spell slot level above 2.,Spell Descriptions: Dragon's Breath
dream-damage-1,dream,Dream,damage,3d6,,psychic,,"then the target makes a Wisdom saving throw. On a failed save, the target gains no benefit from its rest, and it takes 3d6 Psychic damage when it wakes up.",Spell Descriptions: Dream
earthquake-damage-1,earthquake,Earthquake,damage,12d6,,bludgeoning,,"ing structure equal to half the structure's height makes a Dexterity saving throw. On a failed save, the creature takes 12d6 Bludgeoning damage, has the Prone condition, and is buried in the rubble, requiring a DC 20 Strength (Athletics) check as an action to escape. On a successful",Spell Descriptions: Earthquake
eldritch-blast-damage-1,eldritch-blast,Eldritch Blast,damage,1d10,,force,,"eam of crackling energy. Make a ranged spell attack against one creature or object in range. On a hit, the target takes 1d10 Force damage. Cantrip Upgrade. The spell creates two beams at level 5, three beams at level 11, and four beams at level 17. You can direct the beams at the sam",Spell Descriptions: Eldritch Blast
enlarge-reduce-damage-1,enlarge-reduce,Enlarge/Reduce,damage,1d4,,,,"ngth checks and Strength saving throws. The target's attacks with its enlarged weapons or Unarmed Strikes deal an extra 1d4 damage on a hit. Reduce. The target's size decreases by one category--from Medium to Small, for example. The target also has Disadvantage on Strength checks an",Spell Descriptions: Enlarge/Reduce
enlarge-reduce-damage-2,enlarge-reduce,Enlarge/Reduce,damage,1d4,,,,ge on Strength checks and Strength saving throws. The target's attacks with its reduced weapons or Unarmed Strikes deal 1d4 less damage on a hit (this can't reduce the damage below 1).,Spell Descriptions: Enlarge/Reduce
ensnaring-strike-damage-1,ensnaring-strike,Ensnaring Strike,damage,1d6,,piercing,,"il the spell ends. On a successful save, the vines shrivel away, and the spell ends. While Restrained, the target takes 1d6 Piercing damage at the start of each of its turns. The target or a creature within reach of it can take an action to make a Strength (Athletics) check against",Spell Descriptions: Ensnaring Strike
ensnaring-strike-damage-2,ensnaring-strike,Ensnaring Strike,damage,1d6,,,,"heck against your spell save DC. On a success, the spell ends. Using a Higher-Level Spell Slot. The damage increases by 1d6 for each spell slot level above 1.",Spell Descriptions: Ensnaring Strike
faithful-hound-damage-1,faithful-hound,Faithful Hound,damage,4d8,,force,,", the hound attempts to bite one enemy within 5 feet of it. That enemy must succeed on a Dexterity saving throw or take 4d8 Force damage. On your later turns, you can take a Magic action to move the hound up to 30 feet.",Spell Descriptions: Faithful Hound
false-life-healing-1,false-life,False Life,healing,2d4+4,,,temporary-hit-points,You gain 2d4 + 4 Temporary Hit Points. Using a Higher-Level Spell Slot. You gain 5 additional Temporary Hit Points for each spell slot level above 1.,Spell Descriptions: False Life
finger-of-death-damage-1,finger-of-death,Finger of Death,damage,7d8+30,,necrotic,,"nleash negative energy toward a creature you can see within range. The target makes a Constitution saving throw, taking 7d8 + 30 Necrotic damage on a failed save or half as much damage on a successful one. A Humanoid killed by this spell rises at the start of your next turn as a Zombie (",Spell Descriptions: Finger of Death
fireball-damage-1,fireball,Fireball,damage,8d6,,fire,,"fiery explosion. Each creature in a 20-foot-radius Sphere centered on that point makes a Dexterity saving throw, taking 8d6 Fire damage on a failed save or half as much damage on a successful one. Flammable objects in the area that aren't being worn or carried start burning. Using a",Spell Descriptions: Fireball
fireball-damage-2,fireball,Fireball,damage,1d6,,,,s in the area that aren't being worn or carried start burning. Using a Higher-Level Spell Slot. The damage increases by 1d6 for each spell slot level above 3.,Spell Descriptions: Fireball
fire-bolt-damage-1,fire-bolt,Fire Bolt,damage,1d10,,fire,,"fire at a creature or an object within range. Make a ranged spell attack against the target. On a hit, the target takes 1d10 Fire damage. A flammable object hit by this spell starts burning if it isn't being worn or carried. Cantrip Upgrade. The damage increases by 1d10 when you reac",Spell Descriptions: Fire Bolt
fire-bolt-damage-2,fire-bolt,Fire Bolt,damage,1d10,,,,"ble object hit by this spell starts burning if it isn't being worn or carried. Cantrip Upgrade. The damage increases by 1d10 when you reach levels 5 (2d10), 11 (3d10), and 17 (4d10).",Spell Descriptions: Fire Bolt
fire-bolt-damage-3,fire-bolt,Fire Bolt,damage,2d10,,,,"tarts burning if it isn't being worn or carried. Cantrip Upgrade. The damage increases by 1d10 when you reach levels 5 (2d10), 11 (3d10), and 17 (4d10).",Spell Descriptions: Fire Bolt
fire-bolt-damage-4,fire-bolt,Fire Bolt,damage,3d10,,,,"ng if it isn't being worn or carried. Cantrip Upgrade. The damage increases by 1d10 when you reach levels 5 (2d10), 11 (3d10), and 17 (4d10).",Spell Descriptions: Fire Bolt
fire-bolt-damage-5,fire-bolt,Fire Bolt,damage,4d10,,,,"being worn or carried. Cantrip Upgrade. The damage increases by 1d10 when you reach levels 5 (2d10), 11 (3d10), and 17 (4d10).",Spell Descriptions: Fire Bolt
fire-shield-damage-1,fire-shield,Fire Shield,damage,2d8,,cold;fire,,"ver a creature within 5 feet of you hits you with a melee attack roll, the shield erupts with flame. The attacker takes 2d8 Fire damage from a warm shield or 2d8 Cold damage from a chill shield.",Spell Descriptions: Fire Shield
fire-shield-damage-2,fire-shield,Fire Shield,damage,2d8,,cold;fire,,"ts you with a melee attack roll, the shield erupts with flame. The attacker takes 2d8 Fire damage from a warm shield or 2d8 Cold damage from a chill shield.",Spell Descriptions: Fire Shield
fire-storm-damage-1,fire-storm,Fire Storm,damage,7d10,,fire,,"Cube must be contiguous with at least one other Cube. Each creature in the area makes a Dexterity saving throw, taking 7d10 Fire damage on a failed save or half as much damage on a successful one. Flammable objects in the area that aren't being worn or carried start burning.",Spell Descriptions: Fire Storm
flame-blade-damage-1,flame-blade,Flame Blade,damage,3d6,,fire,,"a Magic action, you can make a melee spell attack with the fiery blade. On a hit, the target takes Fire damage equal to 3d6 plus your spellcasting ability modifier. The flaming blade sheds Bright Light in a 10-foot radius and Dim Light for an additional 10 feet. Using a Higher-Level",Spell Descriptions: Flame Blade
flame-blade-damage-2,flame-blade,Flame Blade,damage,1d6,,,,t in a 10-foot radius and Dim Light for an additional 10 feet. Using a Higher-Level Spell Slot. The damage increases by 1d6 for each spell slot level above 2.,Spell Descriptions: Flame Blade
flame-strike-damage-1,flame-strike,Flame Strike,damage,5d6,,fire;radiant,,"ature in a 10-foot-radius, 40-foothigh Cylinder centered on a point within range makes a Dexterity saving throw, taking 5d6 Fire damage and 5d6 Radiant damage on a failed save or half as much damage on a successful one. Using a Higher-Level Spell Slot. The Fire damage and the Radian",Spell Descriptions: Flame Strike
flame-strike-damage-2,flame-strike,Flame Strike,damage,5d6,,fire;radiant,,"adius, 40-foothigh Cylinder centered on a point within range makes a Dexterity saving throw, taking 5d6 Fire damage and 5d6 Radiant damage on a failed save or half as much damage on a successful one. Using a Higher-Level Spell Slot. The Fire damage and the Radiant damage increase by",Spell Descriptions: Flame Strike
flame-strike-damage-3,flame-strike,Flame Strike,damage,1d6,,fire;radiant,,as much damage on a successful one. Using a Higher-Level Spell Slot. The Fire damage and the Radiant damage increase by 1d6 for each spell slot level above 5.,Spell Descriptions: Flame Strike
flaming-sphere-damage-1,flaming-sphere,Flaming Sphere,damage,2d6,,fire,,"ts for the duration. Any creature that ends its turn within 5 feet of the sphere makes a Dexterity saving throw, taking 2d6 Fire damage on a failed save or half as much damage on a successful one. As a Bonus Action, you can move the sphere up to 30 feet, rolling it along the ground.",Spell Descriptions: Flaming Sphere
flaming-sphere-damage-2,flaming-sphere,Flaming Sphere,damage,1d6,,,,t in a 20-foot radius and Dim Light for an additional 20 feet. Using a Higher-Level Spell Slot. The damage increases by 1d6 for each spell slot level above 2.,Spell Descriptions: Flaming Sphere
forbiddance-damage-1,forbiddance,Forbiddance,damage,5d10,,necrotic;radiant,,"eature of a chosen type enters the spell's area for the first time on a turn or ends its turn there, the creature takes 5d10 Radiant or Necrotic damage (your choice when you cast this spell). You can designate a password when you cast the spell. A creature that speaks the password as",Spell Descriptions: Forbiddance
freezing-sphere-damage-1,freezing-sphere,Freezing Sphere,damage,10d6,,cold,,"nge, where it explodes in a 60-foot-radius Sphere. Each creature in that area makes a Constitution saving throw, taking 10d6 Cold damage on failed save or half as much damage on a successful one. If the globe strikes a body of water, it freezes the water to a depth of 6 inches over a",Spell Descriptions: Freezing Sphere
freezing-sphere-damage-2,freezing-sphere,Freezing Sphere,damage,1d6,,,,"1 minute, if the globe hasn't already shattered, it explodes. Using a Higher-Level Spell Slot. The damage increases by 1d6 for each spell slot level above 6.",Spell Descriptions: Freezing Sphere
geas-damage-1,geas,Geas,damage,5d10,,psychic,,"the duration. The target automatically succeeds if it can't understand your command. While Charmed, the creature takes 5d10 Psychic damage if it acts in a manner directly counter to your command. It takes this damage no more than once each day. You can issue any command you choose,",Spell Descriptions: Geas
glyph-of-warding-damage-1,glyph-of-warding,Glyph of Warding,damage,5d8,,acid;cold;fire;lightning;thunder,,"20-foot-radius Sphere centered on the glyph. Each creature in the area makes a Dexterity saving throw. A creature takes 5d8 Acid, Cold, Fire, Lightning, or Thunder damage (your choice when you create the glyph) on a failed save or half as much damage on a successful one. Spell Glyph",Spell Descriptions: Glyph of Warding
glyph-of-warding-damage-2,glyph-of-warding,Glyph of Warding,damage,1d8,,,,"lasts until the end of its full duration. Using a Higher-Level Spell Slot. The damage of an explosive rune increases by 1d8 for each spell slot level above 3. If you create a spell glyph, you can store any spell of up to the same level as the spell slot you use for the Glyph of Ward",Spell Descriptions: Glyph of Warding
guiding-bolt-damage-1,guiding-bolt,Guiding Bolt,damage,4d6,,radiant,,"hurl a bolt of light toward a creature within range. Make a ranged spell attack against the target. On a hit, it takes 4d6 Radiant damage, and the next attack roll made against it before the end of your next turn has Advantage. Using a Higher-Level Spell Slot. The damage increases",Spell Descriptions: Guiding Bolt
guiding-bolt-damage-2,guiding-bolt,Guiding Bolt,damage,1d6,,,,ade against it before the end of your next turn has Advantage. Using a Higher-Level Spell Slot. The damage increases by 1d6 for each spell slot level above 1.,Spell Descriptions: Guiding Bolt
harm-damage-1,harm,Harm,damage,14d6,,necrotic,,"magic on a creature you can see within range. The target makes a Constitution saving throw. On a failed save, it takes 14d6 Necrotic damage, and its Hit Point maximum is reduced by an amount equal to the Necrotic damage it took. On a successful save, it takes half as much damage onl",Spell Descriptions: Harm
healing-word-healing-1,healing-word,Healing Word,healing,2d4,,,hit-points,A creature of your choice that you can see within range regains Hit Points equal to 2d4 plus your spellcasting ability modifier. Using a Higher-Level Spell Slot. The healing increases by 2d4 for each spell slot level above 1.,Spell Descriptions: Healing Word
heat-metal-damage-1,heat-metal,Heat Metal,damage,2d8,,fire,,"you can see within range. You cause the object to glow red-hot. Any creature in physical contact with the object takes 2d8 Fire damage when you cast the spell. Until the spell ends, you can take a Bonus Action on each of your later turns to deal this damage again if the object is w",Spell Descriptions: Heat Metal
heat-metal-damage-2,heat-metal,Heat Metal,damage,1d8,,,,ck rolls and ability checks until the start of your next turn. Using a Higher-Level Spell Slot. The damage increases by 1d8 for each spell slot level above 2.,Spell Descriptions: Heat Metal
hellish-rebuke-damage-1,hellish-rebuke,Hellish Rebuke,damage,2d10,,fire,,"The creature that damaged you is momentarily surrounded by green flames. It makes a Dexterity saving throw, taking 2d10 Fire damage on a failed save or half as much damage on a successful one. Using a Higher-Level Spell Slot. The damage increases by 1d10 for each spell slot leve",Spell Descriptions: Hellish Rebuke
hellish-rebuke-damage-2,hellish-rebuke,Hellish Rebuke,damage,1d10,,,,e on a failed save or half as much damage on a successful one. Using a Higher-Level Spell Slot. The damage increases by 1d10 for each spell slot level above 1.,Spell Descriptions: Hellish Rebuke
heroes-feast-damage-1,heroes-feast,Heroes' Feast,damage,2d10,,poison,,"o Poison damage, and it has Immunity to the Frightened and Poisoned conditions. Its Hit Point maximum also increases by 2d10, and it gains the same number of Hit Points.",Spell Descriptions: Heroes' Feast
hex-damage-1,hex,Hex,damage,1d6,,necrotic,,"You place a curse on a creature that you can see within range. Until the spell ends, you deal an extra 1d6 Necrotic damage to the target whenever you hit it with an attack roll. Also, choose one ability when you cast the spell. The target has Disadvantage on ability",Spell Descriptions: Hex
hunters-mark-damage-1,hunters-mark,Hunter's Mark,damage,1d6,,force,,"You magically mark one creature you can see within range as your quarry. Until the spell ends, you deal an extra 1d6 Force damage to the target whenever you hit it with an attack roll. You also have Advantage on any Wisdom (Perception or Survival) check you make to find it. I",Spell Descriptions: Hunter's Mark
ice-knife-damage-1,ice-knife,Ice Knife,damage,1d10,,piercing,,"ce and fling it at one creature within range. Make a ranged spell attack against the target. On a hit, the target takes 1d10 Piercing damage. Hit or miss, the shard then explodes. The target and each creature within 5 feet of it must succeed on a Dexterity saving throw or take 2d6 Co",Spell Descriptions: Ice Knife
ice-knife-damage-2,ice-knife,Ice Knife,damage,2d6,,cold,,shard then explodes. The target and each creature within 5 feet of it must succeed on a Dexterity saving throw or take 2d6 Cold damage. Using a Higher-Level Spell Slot. The Cold damage increases by 1d6 for each spell slot level above 1.,Spell Descriptions: Ice Knife
ice-knife-damage-3,ice-knife,Ice Knife,damage,1d6,,cold,,ceed on a Dexterity saving throw or take 2d6 Cold damage. Using a Higher-Level Spell Slot. The Cold damage increases by 1d6 for each spell slot level above 1.,Spell Descriptions: Ice Knife
ice-storm-damage-1,ice-storm,Ice Storm,damage,2d10,,bludgeoning;cold,,linder centered on a point within range. Each creature in the Cylinder makes a Dexterity saving throw. A creature takes 2d10 Bludgeoning damage and 4d6 Cold damage on a failed save or half as much damage on a successful one. Hailstones turn ground in the Cylinder into Difficult Terra,Spell Descriptions: Ice Storm
ice-storm-damage-2,ice-storm,Ice Storm,damage,4d6,,bludgeoning;cold,,ithin range. Each creature in the Cylinder makes a Dexterity saving throw. A creature takes 2d10 Bludgeoning damage and 4d6 Cold damage on a failed save or half as much damage on a successful one. Hailstones turn ground in the Cylinder into Difficult Terrain until the end of your ne,Spell Descriptions: Ice Storm
ice-storm-damage-3,ice-storm,Ice Storm,damage,1d10,,bludgeoning,,Difficult Terrain until the end of your next turn. Using a Higher-Level Spell Slot. The Bludgeoning damage increases by 1d10 for each spell slot level above 4.,Spell Descriptions: Ice Storm
incendiary-cloud-damage-1,incendiary-cloud,Incendiary Cloud,damage,10d8,,fire,,"eated by Gust of Wind) disperses it. When the cloud appears, each creature in it makes a Dexterity saving throw, taking 10d8 Fire damage on a failed save or half as much damage on a successful one. A creature must also make this save when the Sphere moves into its space and when it e",Spell Descriptions: Incendiary Cloud
inflict-wounds-damage-1,inflict-wounds,Inflict Wounds,damage,2d10,,necrotic,,"A creature you touch makes a Constitution saving throw, taking 2d10 Necrotic damage on a failed save or half as much damage on a successful one. Using a Higher-Level Spell Slot. The damage increases by 1d10 for each spell slot",Spell Descriptions: Inflict Wounds
inflict-wounds-damage-2,inflict-wounds,Inflict Wounds,damage,1d10,,,,e on a failed save or half as much damage on a successful one. Using a Higher-Level Spell Slot. The damage increases by 1d10 for each spell slot level above 1.,Spell Descriptions: Inflict Wounds
insect-plague-damage-1,insect-plague,Insect Plague,damage,4d10,,piercing,,"y Obscured and Difficult Terrain. When the swarm appears, each creature in it makes a Constitution saving throw, taking 4d10 Piercing damage on a failed save or half as much damage on a successful one. A creature also makes this save when it enters the spell's area for the first time",Spell Descriptions: Insect Plague
insect-plague-damage-2,insect-plague,Insect Plague,damage,1d10,,,,its turn there. A creature makes this save only once per turn. Using a Higher-Level Spell Slot. The damage increases by 1d10 for each spell slot level above 5.,Spell Descriptions: Insect Plague
lightning-bolt-damage-1,lightning-bolt,Lightning Bolt,damage,8d6,,lightning,,"de Line blasts out from you in a direction you choose. Each creature in the Line makes a Dexterity saving throw, taking 8d6 Lightning damage on a failed save or half as much damage on a successful one. Using a Higher-Level Spell Slot. The damage increases by 1d6 for each spell slot",Spell Descriptions: Lightning Bolt
lightning-bolt-damage-2,lightning-bolt,Lightning Bolt,damage,1d6,,,,e on a failed save or half as much damage on a successful one. Using a Higher-Level Spell Slot. The damage increases by 1d6 for each spell slot level above 3.,Spell Descriptions: Lightning Bolt
magic-missile-damage-1,magic-missile,Magic Missile,damage,1d4+1,,force,,"glowing darts of magical force. Each dart strikes a creature of your choice that you can see within range. A dart deals 1d4 + 1 Force damage to its target. The darts all strike simultaneously, and you can direct them to hit one creature or several. Using a Higher-Level Spell Slot. The s",Spell Descriptions: Magic Missile
mass-cure-wounds-healing-1,mass-cure-wounds,Mass Cure Wounds,healing,5d8,,,hit-points,. Choose up to six creatures in a 30-foot-radius Sphere centered on that point. Each target regains Hit Points equal to 5d8 plus your spellcasting ability modifier. Using a Higher-Level Spell Slot. The healing increases by 1d8 for each spell slot level above 5.,Spell Descriptions: Mass Cure Wounds
mass-healing-word-healing-1,mass-healing-word,Mass Healing Word,healing,2d4,,,hit-points,Up to six creatures of your choice that you can see within range regain Hit Points equal to 2d4 plus your spellcasting ability modifier. Using a Higher-Level Spell Slot. The healing increases by 1d4 for each spell slot level above 3.,Spell Descriptions: Mass Healing Word
meld-into-stone-damage-1,meld-into-stone,Meld into Stone,damage,6d6,,force,,"its partial destruction or a change in its shape (to the extent that you no longer fit within it) expels you and deals 6d6 Force damage to you. The stone's complete destruction (or transmutation into a different substance) expels you and deals 50 Force damage to you. If expelled, y",Spell Descriptions: Meld into Stone
meteor-swarm-damage-1,meteor-swarm,Meteor Swarm,damage,20d6,,bludgeoning;fire,,h creature in a 40-foot-radius Sphere centered on each of those points makes a Dexterity saving throw. A creature takes 20d6 Fire damage and 20d6 Bludgeoning damage on a failed save or half as much damage on a successful one. A creature in the area of more than one fiery Sphere is af,Spell Descriptions: Meteor Swarm
meteor-swarm-damage-2,meteor-swarm,Meteor Swarm,damage,20d6,,bludgeoning;fire,,ot-radius Sphere centered on each of those points makes a Dexterity saving throw. A creature takes 20d6 Fire damage and 20d6 Bludgeoning damage on a failed save or half as much damage on a successful one. A creature in the area of more than one fiery Sphere is affected only once. A n,Spell Descriptions: Meteor Swarm
mind-spike-damage-1,mind-spike,Mind Spike,damage,3d8,,psychic,,"f psionic energy into the mind of one creature you can see within range. The target makes a Wisdom saving throw, taking 3d8 Psychic damage on a failed save or half as much damage on a successful one. On a failed save, you also always know the target's location until the spell ends,",Spell Descriptions: Mind Spike
mind-spike-damage-2,mind-spike,Mind Spike,damage,1d8,,,,"ondition, it gains no benefit from that condition against you. Using a Higher-Level Spell Slot. The damage increases by 1d8 for each spell slot level above 2.",Spell Descriptions: Mind Spike
moonbeam-damage-1,moonbeam,Moonbeam,damage,2d10,,radiant,,"t. When the Cylinder appears, each creature in it makes a Constitution saving throw. On a failed save, a creature takes 2d10 Radiant damage, and if the creature is shape-shifted (as a result of the Polymorph spell, for example), it reverts to its true form and can't shape-shift until",Spell Descriptions: Moonbeam
moonbeam-damage-2,moonbeam,Moonbeam,damage,1d10,,,,its turn there. A creature makes this save only once per turn. Using a Higher-Level Spell Slot. The damage increases by 1d10 for each spell slot level above 2.,Spell Descriptions: Moonbeam
phantasmal-force-damage-1,phantasmal-force,Phantasmal Force,damage,2d8,,psychic,,"the illusion if the phantasm represents a dangerous creature or hazard. On each of your turns, such a phantasm can deal 2d8 Psychic damage to the target if it is in the phantasm's area or within 5 feet of the phantasm. The target perceives the damage as a type appropriate to the ill",Spell Descriptions: Phantasmal Force
phantasmal-killer-damage-1,phantasmal-killer,Phantasmal Killer,damage,4d10,,psychic,,"eepest fears, visible only to that creature. The target makes a Wisdom saving throw. On a failed save, the target takes 4d10 Psychic damage and has Disadvantage on ability checks and attack rolls for the duration. On a successful save, the target takes half as much damage, and the sp",Spell Descriptions: Phantasmal Killer
phantasmal-killer-damage-2,phantasmal-killer,Phantasmal Killer,damage,1d10,,psychic,,"he Psychic damage again. On a successful save, the spell ends. Using a Higher-Level Spell Slot. The damage increases by 1d10 for each spell slot level above 4.",Spell Descriptions: Phantasmal Killer
poison-spray-damage-1,poison-spray,Poison Spray,damage,1d12,,poison,,"spray toxic mist at a creature within range. Make a ranged spell attack against the target. On a hit, the target takes 1d12 Poison damage. Cantrip Upgrade. The damage increases by 1d12 when you reach levels 5 (2d12), 11 (3d12), and 17 (4d12).",Spell Descriptions: Poison Spray
poison-spray-damage-2,poison-spray,Poison Spray,damage,1d12,,poison,,"pell attack against the target. On a hit, the target takes 1d12 Poison damage. Cantrip Upgrade. The damage increases by 1d12 when you reach levels 5 (2d12), 11 (3d12), and 17 (4d12).",Spell Descriptions: Poison Spray
poison-spray-damage-3,poison-spray,Poison Spray,damage,2d12,,poison,,". On a hit, the target takes 1d12 Poison damage. Cantrip Upgrade. The damage increases by 1d12 when you reach levels 5 (2d12), 11 (3d12), and 17 (4d12).",Spell Descriptions: Poison Spray
poison-spray-damage-4,poison-spray,Poison Spray,damage,3d12,,poison,,"the target takes 1d12 Poison damage. Cantrip Upgrade. The damage increases by 1d12 when you reach levels 5 (2d12), 11 (3d12), and 17 (4d12).",Spell Descriptions: Poison Spray
poison-spray-damage-5,poison-spray,Poison Spray,damage,4d12,,poison,,"es 1d12 Poison damage. Cantrip Upgrade. The damage increases by 1d12 when you reach levels 5 (2d12), 11 (3d12), and 17 (4d12).",Spell Descriptions: Poison Spray
power-word-kill-damage-1,power-word-kill,Power Word Kill,damage,12d12,,psychic,,"l one creature you can see within range to die. If the target has 100 Hit Points or fewer, it dies. Otherwise, it takes 12d12 Psychic damage.",Spell Descriptions: Power Word Kill
prayer-of-healing-healing-1,prayer-of-healing,Prayer of Healing,healing,2d8,,,hit-points,of your choice who remain within range for the spell's entire casting gain the benefits of a Short Rest and also regain 2d8 Hit Points. A creature can't be affected by this spell again until that creature finishes a Long Rest. Using a Higher-Level Spell Slot. The healing increases b,Spell Descriptions: Prayer of Healing
prismatic-spray-damage-1,prismatic-spray,Prismatic Spray,damage,1d8,,fire,,"light flash from you in a 60-foot Cone. Each creature in the Cone makes a Dexterity saving throw. For each target, roll 1d8 to determine which color ray affects it, consulting the Prismatic Rays table. Prismatic Rays 1d8 Ray 1 Red. Failed Save: 12d6 Fire damage. Successful Save: Hal",Spell Descriptions: Prismatic Spray
prismatic-spray-damage-2,prismatic-spray,Prismatic Spray,damage,1d8,,acid;fire,,"For each target, roll 1d8 to determine which color ray affects it, consulting the Prismatic Rays table. Prismatic Rays 1d8 Ray 1 Red. Failed Save: 12d6 Fire damage. Successful Save: Half as much damage. 2 Orange. Failed Save: 12d6 Acid damage. Successful Save: Half as much damage.",Spell Descriptions: Prismatic Spray
prismatic-spray-damage-3,prismatic-spray,Prismatic Spray,damage,12d6,,acid;fire,,"o determine which color ray affects it, consulting the Prismatic Rays table. Prismatic Rays 1d8 Ray 1 Red. Failed Save: 12d6 Fire damage. Successful Save: Half as much damage. 2 Orange. Failed Save: 12d6 Acid damage. Successful Save: Half as much damage. 3 Yellow. Failed Save: 12d6 L",Spell Descriptions: Prismatic Spray
prismatic-spray-damage-4,prismatic-spray,Prismatic Spray,damage,12d6,,acid;fire;lightning,,ismatic Rays 1d8 Ray 1 Red. Failed Save: 12d6 Fire damage. Successful Save: Half as much damage. 2 Orange. Failed Save: 12d6 Acid damage. Successful Save: Half as much damage. 3 Yellow. Failed Save: 12d6 Lightning damage. Successful Save: Half as much damage. 4 Green. Failed Save: 12,Spell Descriptions: Prismatic Spray
prismatic-spray-damage-5,prismatic-spray,Prismatic Spray,damage,12d6,,acid;lightning;poison,,f as much damage. 2 Orange. Failed Save: 12d6 Acid damage. Successful Save: Half as much damage. 3 Yellow. Failed Save: 12d6 Lightning damage. Successful Save: Half as much damage. 4 Green. Failed Save: 12d6 Poison damage. Successful Save: Half as much damage. 1d8 Ray 5 Blue. Failed,Spell Descriptions: Prismatic Spray
prismatic-spray-damage-6,prismatic-spray,Prismatic Spray,damage,12d6,,cold;lightning;poison,,much damage. 3 Yellow. Failed Save: 12d6 Lightning damage. Successful Save: Half as much damage. 4 Green. Failed Save: 12d6 Poison damage. Successful Save: Half as much damage. 1d8 Ray 5 Blue. Failed Save: 12d6 Cold damage. Successful Save: Half as much damage. 6 Indigo. Failed Save,Spell Descriptions: Prismatic Spray
prismatic-spray-damage-7,prismatic-spray,Prismatic Spray,damage,1d8,,cold;poison,,. Successful Save: Half as much damage. 4 Green. Failed Save: 12d6 Poison damage. Successful Save: Half as much damage. 1d8 Ray 5 Blue. Failed Save: 12d6 Cold damage. Successful Save: Half as much damage. 6 Indigo. Failed Save: The target has the Restrained condition and makes a Con,Spell Descriptions: Prismatic Spray
prismatic-spray-damage-8,prismatic-spray,Prismatic Spray,damage,12d6,,cold;poison,,ch damage. 4 Green. Failed Save: 12d6 Poison damage. Successful Save: Half as much damage. 1d8 Ray 5 Blue. Failed Save: 12d6 Cold damage. Successful Save: Half as much damage. 6 Indigo. Failed Save: The target has the Restrained condition and makes a Constitution saving throw at the,Spell Descriptions: Prismatic Spray
prismatic-wall-damage-1,prismatic-wall,Prismatic Wall,damage,12d6,,fire,,"fect on the wall, and Dispel Magic can affect only the violet layer. Prismatic Layers Order Effects 1 Red. Failed Save: 12d6 Fire damage. Successful Save: Half as much damage. Additional Effects: Nonmagical ranged attacks can't pass through this layer, which is destroyed if it takes",Spell Descriptions: Prismatic Wall
prismatic-wall-damage-2,prismatic-wall,Prismatic Wall,damage,12d6,,acid;cold,,"d attacks can't pass through this layer, which is destroyed if it takes at least 25 Cold damage. 2 Orange. Failed Save: 12d6 Acid damage. Successful Save: Half as much damage. Additional Effects: Magical ranged attacks can't pass through this layer, which is destroyed by a strong win",Spell Descriptions: Prismatic Wall
prismatic-wall-damage-3,prismatic-wall,Prismatic Wall,damage,12d6,,force;lightning,,"rough this layer, which is destroyed by a strong wind (such as the one created by Gust of Wind). 3 Yellow. Failed Save: 12d6 Lightning damage. Successful Save: Half as much damage. Additional Effects: The layer is destroyed if it takes at least 60 Force damage. 4 Green. Failed Save:",Spell Descriptions: Prismatic Wall
prismatic-wall-damage-4,prismatic-wall,Prismatic Wall,damage,12d6,,force;poison,,"as much damage. Additional Effects: The layer is destroyed if it takes at least 60 Force damage. 4 Green. Failed Save: 12d6 Poison damage. Successful Save: Half as much damage. Additional Effects: A Passwall spell, or another spell of equal or greater level that can open a portal on",Spell Descriptions: Prismatic Wall
prismatic-wall-damage-5,prismatic-wall,Prismatic Wall,damage,12d6,,cold;fire,,"er spell of equal or greater level that can open a portal on a solid surface, destroys this layer. 5 Blue. Failed Save: 12d6 Cold damage. Successful Save: Half as much damage. Additional Effects: The layer is destroyed if it takes at least 25 Fire damage. 6 Indigo. Failed Save: The t",Spell Descriptions: Prismatic Wall
produce-flame-damage-1,produce-flame,Produce Flame,damage,1d8,,fire,,"n to hurl fire at a creature or an object within 60 feet of you. Make a ranged spell attack. On a hit, the target takes 1d8 Fire damage. Cantrip Upgrade. The damage increases by 1d8 when you reach levels 5 (2d8), 11 (3d8), and 17 (4d8).",Spell Descriptions: Produce Flame
produce-flame-damage-2,produce-flame,Produce Flame,damage,1d8,,fire,,"f you. Make a ranged spell attack. On a hit, the target takes 1d8 Fire damage. Cantrip Upgrade. The damage increases by 1d8 when you reach levels 5 (2d8), 11 (3d8), and 17 (4d8).",Spell Descriptions: Produce Flame
produce-flame-damage-3,produce-flame,Produce Flame,damage,2d8,,fire,,"tack. On a hit, the target takes 1d8 Fire damage. Cantrip Upgrade. The damage increases by 1d8 when you reach levels 5 (2d8), 11 (3d8), and 17 (4d8).",Spell Descriptions: Produce Flame
produce-flame-damage-4,produce-flame,Produce Flame,damage,3d8,,fire,,"hit, the target takes 1d8 Fire damage. Cantrip Upgrade. The damage increases by 1d8 when you reach levels 5 (2d8), 11 (3d8), and 17 (4d8).",Spell Descriptions: Produce Flame
produce-flame-damage-5,produce-flame,Produce Flame,damage,4d8,,fire,,"et takes 1d8 Fire damage. Cantrip Upgrade. The damage increases by 1d8 when you reach levels 5 (2d8), 11 (3d8), and 17 (4d8).",Spell Descriptions: Produce Flame
ray-of-enfeeblement-damage-1,ray-of-enfeeblement,Ray of Enfeeblement,damage,1d8,,,,"led save, the target has Disadvantage on Strength-based D20 Tests for the duration. During that time, it also subtracts 1d8 from all its damage rolls. The target repeats the save at the end of each of its turns, ending the spell on a success.",Spell Descriptions: Ray of Enfeeblement
ray-of-frost-damage-1,ray-of-frost,Ray of Frost,damage,1d8,,cold,,"e-white light streaks toward a creature within range. Make a ranged spell attack against the target. On a hit, it takes 1d8 Cold damage, and its Speed is reduced by 10 feet until the start of your next turn. Cantrip Upgrade. The damage increases by 1d8 when you reach levels 5 (2d8),",Spell Descriptions: Ray of Frost
ray-of-frost-damage-2,ray-of-frost,Ray of Frost,damage,1d8,,,,"damage, and its Speed is reduced by 10 feet until the start of your next turn. Cantrip Upgrade. The damage increases by 1d8 when you reach levels 5 (2d8), 11 (3d8), and 17 (4d8).",Spell Descriptions: Ray of Frost
ray-of-frost-damage-3,ray-of-frost,Ray of Frost,damage,2d8,,,,"ced by 10 feet until the start of your next turn. Cantrip Upgrade. The damage increases by 1d8 when you reach levels 5 (2d8), 11 (3d8), and 17 (4d8).",Spell Descriptions: Ray of Frost
ray-of-frost-damage-4,ray-of-frost,Ray of Frost,damage,3d8,,,,"feet until the start of your next turn. Cantrip Upgrade. The damage increases by 1d8 when you reach levels 5 (2d8), 11 (3d8), and 17 (4d8).",Spell Descriptions: Ray of Frost
ray-of-frost-damage-5,ray-of-frost,Ray of Frost,damage,4d8,,,,"start of your next turn. Cantrip Upgrade. The damage increases by 1d8 when you reach levels 5 (2d8), 11 (3d8), and 17 (4d8).",Spell Descriptions: Ray of Frost
regenerate-healing-1,regenerate,Regenerate,healing,4d8+15,,,hit-points,"A creature you touch regains 4d8 + 15 Hit Points. For the duration, the target regains 1 Hit Point at the start of each of its turns, and any severed body parts regrow after 2 minutes.",Spell Descriptions: Regenerate
ray-of-sickness-damage-1,ray-of-sickness,Ray of Sickness,damage,2d8,,poison,,"ot a greenish ray at a creature within range. Make a ranged spell attack against the target. On a hit, the target takes 2d8 Poison damage and has the Poisoned condition until the end of your next turn. Using a Higher-Level Spell Slot. The damage increases by 1d8 for each spell slot",Spell Descriptions: Ray of Sickness
ray-of-sickness-damage-2,ray-of-sickness,Ray of Sickness,damage,1d8,,,,nd has the Poisoned condition until the end of your next turn. Using a Higher-Level Spell Slot. The damage increases by 1d8 for each spell slot level above 1.,Spell Descriptions: Ray of Sickness
resistance-damage-1,resistance,Resistance,damage,1d4,,,,"When the creature takes damage of the chosen type before the spell ends, the creature reduces the total damage taken by 1d4. A creature can benefit from this spell only once per turn.",Spell Descriptions: Resistance
sacred-flame-damage-1,sacred-flame,Sacred Flame,damage,1d8,,radiant,,iance descends on a creature that you can see within range. The target must succeed on a Dexterity saving throw or take 1d8 Radiant damage. The target gains no benefit from Half Cover or Three-Quarters Cover for this save. Cantrip Upgrade. The damage increases by 1d8 when you reach,Spell Descriptions: Sacred Flame
sacred-flame-damage-2,sacred-flame,Sacred Flame,damage,1d8,,,,"target gains no benefit from Half Cover or Three-Quarters Cover for this save. Cantrip Upgrade. The damage increases by 1d8 when you reach levels 5 (2d8), 11 (3d8), and 17 (4d8).",Spell Descriptions: Sacred Flame
sacred-flame-damage-3,sacred-flame,Sacred Flame,damage,2d8,,,,"Half Cover or Three-Quarters Cover for this save. Cantrip Upgrade. The damage increases by 1d8 when you reach levels 5 (2d8), 11 (3d8), and 17 (4d8).",Spell Descriptions: Sacred Flame
sacred-flame-damage-4,sacred-flame,Sacred Flame,damage,3d8,,,,"or Three-Quarters Cover for this save. Cantrip Upgrade. The damage increases by 1d8 when you reach levels 5 (2d8), 11 (3d8), and 17 (4d8).",Spell Descriptions: Sacred Flame
sacred-flame-damage-5,sacred-flame,Sacred Flame,damage,4d8,,,,"ters Cover for this save. Cantrip Upgrade. The damage increases by 1d8 when you reach levels 5 (2d8), 11 (3d8), and 17 (4d8).",Spell Descriptions: Sacred Flame
scorching-ray-damage-1,scorching-ray,Scorching Ray,damage,2d6,,fire,,"hurl them at one target within range or at several. Make a ranged spell attack for each ray. On a hit, the target takes 2d6 Fire damage. Using a Higher-Level Spell Slot. You create one additional ray for each spell slot level above 2.",Spell Descriptions: Scorching Ray
searing-smite-damage-1,searing-smite,Searing Smite,damage,1d6,,fire,,"As you hit the target, it takes an extra 1d6 Fire damage from the attack. At the start of each of its turns until the spell ends, the target takes 1d6 Fire damage and then makes a Constitution saving thro",Spell Descriptions: Searing Smite
searing-smite-damage-2,searing-smite,Searing Smite,damage,1d6,,fire,,"akes an extra 1d6 Fire damage from the attack. At the start of each of its turns until the spell ends, the target takes 1d6 Fire damage and then makes a Constitution saving throw. On a failed save, the spell continues. On a successful save, the spell ends. Using a Higher-Level Spell",Spell Descriptions: Searing Smite
searing-smite-damage-3,searing-smite,Searing Smite,damage,1d6,,,,"the spell continues. On a successful save, the spell ends. Using a Higher-Level Spell Slot. All the damage increases by 1d6 for each spell slot level above 1.",Spell Descriptions: Searing Smite
shatter-damage-1,shatter,Shatter,damage,3d8,,thunder,,"choice within range. Each creature in a 10-foot-radius Sphere centered there makes a Constitution saving throw, taking 3d8 Thunder damage on a failed save or half as much damage on a successful one. A Construct has Disadvantage on the save. A nonmagical object that isn't being worn",Spell Descriptions: Shatter
shatter-damage-2,shatter,Shatter,damage,1d8,,,,or carried also takes the damage if it's in the spell's area. Using a Higher-Level Spell Slot. The damage increases by 1d8 for each spell slot level above 2.,Spell Descriptions: Shatter
shillelagh-damage-1,shillelagh,Shillelagh,damage,2d6,,,,"r if you let go of the weapon. Cantrip Upgrade. The damage die changes when you reach levels 5 (d10), 11 (d12), and 17 (2d6).",Spell Descriptions: Shillelagh
shining-smite-damage-1,shining-smite,Shining Smite,damage,2d6,,radiant,,"The target hit by the strike takes an extra 2d6 Radiant damage from the attack. Until the spell ends, the target sheds Bright Light in a 5-foot radius, attack rolls against it have Advantage, and it can't be",Spell Descriptions: Shining Smite
shining-smite-damage-2,shining-smite,Shining Smite,damage,1d6,,,,"Advantage, and it can't benefit from the Invisible condition. Using a Higher-Level Spell Slot. The damage increases by 1d6 for each spell slot level above 2.",Spell Descriptions: Shining Smite
shocking-grasp-damage-1,shocking-grasp,Shocking Grasp,damage,1d8,,lightning,,"from you to a creature that you try to touch. Make a melee spell attack against the target. On a hit, the target takes 1d8 Lightning damage, and it can't make Opportunity Attacks until the start of its next turn. Cantrip Upgrade. The damage increases by 1d8 when you reach levels 5",Spell Descriptions: Shocking Grasp
shocking-grasp-damage-2,shocking-grasp,Shocking Grasp,damage,1d8,,,,"amage, and it can't make Opportunity Attacks until the start of its next turn. Cantrip Upgrade. The damage increases by 1d8 when you reach levels 5 (2d8), 11 (3d8), and 17 (4d8).",Spell Descriptions: Shocking Grasp
shocking-grasp-damage-3,shocking-grasp,Shocking Grasp,damage,2d8,,,,"rtunity Attacks until the start of its next turn. Cantrip Upgrade. The damage increases by 1d8 when you reach levels 5 (2d8), 11 (3d8), and 17 (4d8).",Spell Descriptions: Shocking Grasp
shocking-grasp-damage-4,shocking-grasp,Shocking Grasp,damage,3d8,,,,"tacks until the start of its next turn. Cantrip Upgrade. The damage increases by 1d8 when you reach levels 5 (2d8), 11 (3d8), and 17 (4d8).",Spell Descriptions: Shocking Grasp
shocking-grasp-damage-5,shocking-grasp,Shocking Grasp,damage,4d8,,,,"e start of its next turn. Cantrip Upgrade. The damage increases by 1d8 when you reach levels 5 (2d8), 11 (3d8), and 17 (4d8).",Spell Descriptions: Shocking Grasp
sorcerous-burst-damage-1,sorcerous-burst,Sorcerous Burst,damage,1d8,,acid;cold;fire;lightning;poison;psychic;thunder,,"nergy at one creature or object within range. Make a ranged spell attack against the target. On a hit, the target takes 1d8 damage of a type you choose: Acid, Cold, Fire, Lightning, Poison, Psychic, or Thunder. If you roll an 8 on a d8 for this spell, you can roll another d8, and ad",Spell Descriptions: Sorcerous Burst
sorcerous-burst-damage-2,sorcerous-burst,Sorcerous Burst,damage,1d8,,,,"s you can add to the spell's damage equals your spellcasting ability modifier. Cantrip Upgrade. The damage increases by 1d8 when you reach levels 5 (2d8), 11 (3d8), and 17 (4d8).",Spell Descriptions: Sorcerous Burst
sorcerous-burst-damage-3,sorcerous-burst,Sorcerous Burst,damage,2d8,,,,"damage equals your spellcasting ability modifier. Cantrip Upgrade. The damage increases by 1d8 when you reach levels 5 (2d8), 11 (3d8), and 17 (4d8).",Spell Descriptions: Sorcerous Burst
sorcerous-burst-damage-4,sorcerous-burst,Sorcerous Burst,damage,3d8,,,,"als your spellcasting ability modifier. Cantrip Upgrade. The damage increases by 1d8 when you reach levels 5 (2d8), 11 (3d8), and 17 (4d8).",Spell Descriptions: Sorcerous Burst
sorcerous-burst-damage-5,sorcerous-burst,Sorcerous Burst,damage,4d8,,,,"casting ability modifier. Cantrip Upgrade. The damage increases by 1d8 when you reach levels 5 (2d8), 11 (3d8), and 17 (4d8).",Spell Descriptions: Sorcerous Burst
spike-growth-damage-1,spike-growth,Spike Growth,damage,2d4,,piercing,,"nd thorns. The area becomes Difficult Terrain for the duration. When a creature moves into or within the area, it takes 2d4 Piercing damage for every 5 feet it travels. The transformation of the ground is camouflaged to look natural. Any creature that can't see the area when the spe",Spell Descriptions: Spike Growth
spirit-guardians-damage-1,spirit-guardians,Spirit Guardians,damage,3d8,,necrotic;radiant,,"he Emanation or ends its turn there, the creature must make a Wisdom saving throw. On a failed save, the creature takes 3d8 Radiant damage (if you are good or neutral) or 3d8 Necrotic damage (if you are evil). On a successful save, the creature takes half as much damage. A creature",Spell Descriptions: Spirit Guardians
spirit-guardians-damage-2,spirit-guardians,Spirit Guardians,damage,3d8,,necrotic;radiant,,"ust make a Wisdom saving throw. On a failed save, the creature takes 3d8 Radiant damage (if you are good or neutral) or 3d8 Necrotic damage (if you are evil). On a successful save, the creature takes half as much damage. A creature makes this save only once per turn. Using a Higher-",Spell Descriptions: Spirit Guardians
spirit-guardians-damage-3,spirit-guardians,Spirit Guardians,damage,1d8,,,,as much damage. A creature makes this save only once per turn. Using a Higher-Level Spell Slot. The damage increases by 1d8 for each spell slot level above 3.,Spell Descriptions: Spirit Guardians
spiritual-weapon-damage-1,spiritual-weapon,Spiritual Weapon,damage,1d8,,force,,"ne melee spell attack against one creature within 5 feet of the force. On a hit, the target takes Force damage equal to 1d8 plus your spellcasting ability modifier. As a Bonus Action on your later turns, you can move the force up to 20 feet and repeat the attack against a creature w",Spell Descriptions: Spiritual Weapon
spiritual-weapon-damage-2,spiritual-weapon,Spiritual Weapon,damage,1d8,,,,and repeat the attack against a creature within 5 feet of it. Using a Higher-Level Spell Slot. The damage increases by 1d8 for every slot level above 2.,Spell Descriptions: Spiritual Weapon
starry-wisp-damage-1,starry-wisp,Starry Wisp,damage,1d8,,radiant,,"light at one creature or object within range. Make a ranged spell attack against the target. On a hit, the target takes 1d8 Radiant damage, and until the end of your next turn, it emits Dim Light in a 10-foot radius and can't benefit from the Invisible condition. Cantrip Upgrade. Th",Spell Descriptions: Starry Wisp
starry-wisp-damage-2,starry-wisp,Starry Wisp,damage,1d8,,,,"Dim Light in a 10-foot radius and can't benefit from the Invisible condition. Cantrip Upgrade. The damage increases by 1d8 when you reach levels 5 (2d8), 11 (3d8), and 17 (4d8).",Spell Descriptions: Starry Wisp
starry-wisp-damage-3,starry-wisp,Starry Wisp,damage,2d8,,,,"s and can't benefit from the Invisible condition. Cantrip Upgrade. The damage increases by 1d8 when you reach levels 5 (2d8), 11 (3d8), and 17 (4d8).",Spell Descriptions: Starry Wisp
starry-wisp-damage-4,starry-wisp,Starry Wisp,damage,3d8,,,,"t benefit from the Invisible condition. Cantrip Upgrade. The damage increases by 1d8 when you reach levels 5 (2d8), 11 (3d8), and 17 (4d8).",Spell Descriptions: Starry Wisp
starry-wisp-damage-5,starry-wisp,Starry Wisp,damage,4d8,,,,"the Invisible condition. Cantrip Upgrade. The damage increases by 1d8 when you reach levels 5 (2d8), 11 (3d8), and 17 (4d8).",Spell Descriptions: Starry Wisp
storm-of-vengeance-damage-1,storm-of-vengeance,Storm of Vengeance,damage,2d6,,thunder,,"a radius of 300 feet. Each creature under the cloud when it appears must succeed on a Constitution saving throw or take 2d6 Thunder damage and have the Deafened condition for the duration. At the start of each of your later turns, the storm produces different effects, as detailed be",Spell Descriptions: Storm of Vengeance
storm-of-vengeance-damage-2,storm-of-vengeance,Storm of Vengeance,damage,4d6,,acid;lightning,,"roduces different effects, as detailed below. Turn 2. Acidic rain falls. Each creature and object under the cloud takes 4d6 Acid damage. Turn 3. You call six bolts of lightning from the cloud to strike six different creatures or objects beneath it. Each target makes a Dexterity savi",Spell Descriptions: Storm of Vengeance
storm-of-vengeance-damage-3,storm-of-vengeance,Storm of Vengeance,damage,10d6,,bludgeoning;lightning,,"m the cloud to strike six different creatures or objects beneath it. Each target makes a Dexterity saving throw, taking 10d6 Lightning damage on a failed save or half as much damage on a successful one. Turn 4. Hailstones rain down. Each creature under the cloud takes 2d6 Bludgeoning",Spell Descriptions: Storm of Vengeance
storm-of-vengeance-damage-4,storm-of-vengeance,Storm of Vengeance,damage,2d6,,bludgeoning;cold,,"iled save or half as much damage on a successful one. Turn 4. Hailstones rain down. Each creature under the cloud takes 2d6 Bludgeoning damage. Turns 5-10. Gusts and freezing rain assail the area under the cloud. Each creature there takes 1d6 Cold damage. Until the spell ends, the a",Spell Descriptions: Storm of Vengeance
storm-of-vengeance-damage-5,storm-of-vengeance,Storm of Vengeance,damage,1d6,,bludgeoning;cold,,"2d6 Bludgeoning damage. Turns 5-10. Gusts and freezing rain assail the area under the cloud. Each creature there takes 1d6 Cold damage. Until the spell ends, the area is Difficult Terrain and Heavily Obscured, ranged attacks with weapons are impossible there, and strong wind blows",Spell Descriptions: Storm of Vengeance
sunbeam-damage-1,sunbeam,Sunbeam,damage,6d8,,radiant,,"ide, 60-foot-long Line. Each creature in the Line makes a Constitution saving throw. On a failed save, a creature takes 6d8 Radiant damage and has the Blinded condition until the start of your next turn. On a successful save, it takes half as much damage only. Until the spell ends,",Spell Descriptions: Sunbeam
sunburst-damage-1,sunburst,Sunburst,damage,12d6,,radiant,,"choose within range. Each creature in the Sphere makes a Constitution saving throw. On a failed save, a creature takes 12d6 Radiant damage and has the Blinded condition for 1 minute. On a successful save, it takes half as much damage only. A creature Blinded by this spell makes anot",Spell Descriptions: Sunburst
symbol-damage-1,symbol,Symbol,damage,10d10,,necrotic,,"its turn there. A creature is targeted only once per turn. Death. Each target makes a Constitution saving throw, taking 10d10 Necrotic damage on a failed save or half as much damage on a successful save. Discord. Each target makes a Wisdom saving throw. On a failed save, a target argu",Spell Descriptions: Symbol
teleport-damage-1,teleport,Teleport,damage,3d10,,force,,"The spell's unpredictable magic results in a difficult journey. Each teleporting creature (or the target object) takes 3d10 Force damage, and the GM rerolls on the table to see where you wind up (multiple mishaps can occur, dealing damage each time). Similar Area. You and your group",Spell Descriptions: Teleport
thunderwave-damage-1,thunderwave,Thunderwave,damage,2d8,,thunder,,"h creature in a 15-foot Cube originating from you makes a Constitution saving throw. On a failed save, a creature takes 2d8 Thunder damage and is pushed 10 feet away from you. On a successful save, a creature takes half as much damage only. In addition, unsecured objects that are en",Spell Descriptions: Thunderwave
thunderwave-damage-2,thunderwave,Thunderwave,damage,1d8,,,,"ay from you, and a thunderous boom is audible within 300 feet. Using a Higher-Level Spell Slot. The damage increases by 1d8 for each spell slot level above 1.",Spell Descriptions: Thunderwave
true-strike-damage-1,true-strike,True Strike,damage,1d6,,radiant,,"deal Radiant damage or the weapon's normal damage type, the attack deals extra Radiant damage when you reach levels 5 (1d6), 11 (2d6), and 17 (3d6).",Spell Descriptions: True Strike
true-strike-damage-2,true-strike,True Strike,damage,2d6,,radiant,,"ant damage or the weapon's normal damage type, the attack deals extra Radiant damage when you reach levels 5 (1d6), 11 (2d6), and 17 (3d6).",Spell Descriptions: True Strike
true-strike-damage-3,true-strike,True Strike,damage,3d6,,radiant,,"the weapon's normal damage type, the attack deals extra Radiant damage when you reach levels 5 (1d6), 11 (2d6), and 17 (3d6).",Spell Descriptions: True Strike
tsunami-damage-1,tsunami,Tsunami,damage,6d10,,bludgeoning,,"The wall lasts for the duration. When the wall appears, each creature in its area makes a Strength saving throw, taking 6d10 Bludgeoning damage on a failed save or half as much damage on a successful one. At the start of each of your turns after the wall appears, the wall, along with",Spell Descriptions: Tsunami
tsunami-damage-2,tsunami,Tsunami,damage,5d10,,bludgeoning,,"r creature inside the wall or whose space the wall enters when it moves must succeed on a Strength saving throw or take 5d10 Bludgeoning damage. A creature can take this damage only once per round. At the end of the turn, the wall's height is reduced by 50 feet, and the damage the wa",Spell Descriptions: Tsunami
tsunami-damage-3,tsunami,Tsunami,damage,1d10,,force,,"e end of the turn, the wall's height is reduced by 50 feet, and the damage the wall deals on later rounds is reduced by 1d10. When the wall reaches 0 feet in height, the spell ends. A creature caught in the wall can move by swimming. Because of the wave's force, though, the creature",Spell Descriptions: Tsunami
vampiric-touch-damage-1,vampiric-touch,Vampiric Touch,damage,3d6,,necrotic,,"rom others to heal your wounds. Make a melee spell attack against one creature within reach. On a hit, the target takes 3d6 Necrotic damage, and you regain Hit Points equal to half the amount of Necrotic damage dealt. Until the spell ends, you can make the attack again on each of yo",Spell Descriptions: Vampiric Touch
vampiric-touch-damage-2,vampiric-touch,Vampiric Touch,damage,1d6,,,,"Magic action, targeting the same creature or a different one. Using a Higher-Level Spell Slot. The damage increases by 1d6 for each spell slot level above 3.",Spell Descriptions: Vampiric Touch
vicious-mockery-damage-1,vicious-mockery,Vicious Mockery,damage,1d6,,psychic,,enchantments at one creature you can see or hear within range. The target must succeed on a Wisdom saving throw or take 1d6 Psychic damage and have Disadvantage on the next attack roll it makes before the end of its next turn. Cantrip Upgrade. The damage increases by 1d6 when you re,Spell Descriptions: Vicious Mockery
vicious-mockery-damage-2,vicious-mockery,Vicious Mockery,damage,1d6,,,,"Disadvantage on the next attack roll it makes before the end of its next turn. Cantrip Upgrade. The damage increases by 1d6 when you reach levels 5 (2d6), 11 (3d6), and 17 (4d6).",Spell Descriptions: Vicious Mockery
vicious-mockery-damage-3,vicious-mockery,Vicious Mockery,damage,2d6,,,,"ck roll it makes before the end of its next turn. Cantrip Upgrade. The damage increases by 1d6 when you reach levels 5 (2d6), 11 (3d6), and 17 (4d6).",Spell Descriptions: Vicious Mockery
vicious-mockery-damage-4,vicious-mockery,Vicious Mockery,damage,3d6,,,,"makes before the end of its next turn. Cantrip Upgrade. The damage increases by 1d6 when you reach levels 5 (2d6), 11 (3d6), and 17 (4d6).",Spell Descriptions: Vicious Mockery
vicious-mockery-damage-5,vicious-mockery,Vicious Mockery,damage,4d6,,,,"the end of its next turn. Cantrip Upgrade. The damage increases by 1d6 when you reach levels 5 (2d6), 11 (3d6), and 17 (4d6).",Spell Descriptions: Vicious Mockery
vitriolic-sphere-damage-1,vitriolic-sphere,Vitriolic Sphere,damage,10d4,,acid,,"a 20-foot-radius Sphere. Each creature in that area makes a Dexterity saving throw. On a failed save, a creature takes 10d4 Acid damage and another 5d4 Acid damage at the end of its next turn. On a successful save, a creature takes half the initial damage only. Using a Higher-Level",Spell Descriptions: Vitriolic Sphere
vitriolic-sphere-damage-2,vitriolic-sphere,Vitriolic Sphere,damage,5d4,,acid,,"h creature in that area makes a Dexterity saving throw. On a failed save, a creature takes 10d4 Acid damage and another 5d4 Acid damage at the end of its next turn. On a successful save, a creature takes half the initial damage only. Using a Higher-Level Spell Slot. The initial dama",Spell Descriptions: Vitriolic Sphere
vitriolic-sphere-damage-3,vitriolic-sphere,Vitriolic Sphere,damage,2d4,,,,"l save, a creature takes half the initial damage only. Using a Higher-Level Spell Slot. The initial damage increases by 2d4 for each spell slot level above 4.",Spell Descriptions: Vitriolic Sphere
wall-of-fire-damage-1,wall-of-fire,Wall of Fire,damage,5d8,,fire,,"que and lasts for the duration. When the wall appears, each creature in its area makes a Dexterity saving throw, taking 5d8 Fire damage on a failed save or half as much damage on a successful one. One side of the wall, selected by you when you cast this spell, deals 5d8 Fire damage",Spell Descriptions: Wall of Fire
wall-of-fire-damage-2,wall-of-fire,Wall of Fire,damage,5d8,,fire,,"save or half as much damage on a successful one. One side of the wall, selected by you when you cast this spell, deals 5d8 Fire damage to each creature that ends its turn within 10 feet of that side or inside the wall. A creature takes the same damage when it enters the wall for th",Spell Descriptions: Wall of Fire
wall-of-fire-damage-3,wall-of-fire,Wall of Fire,damage,1d8,,,,ds its turn there. The other side of the wall deals no damage. Using a Higher-Level Spell Slot. The damage increases by 1d8 for each spell slot level above 4.,Spell Descriptions: Wall of Fire
wall-of-ice-damage-1,wall-of-ice,Wall of Ice,damage,10d6,,cold,,"ears, the creature is pushed to one side of the wall (you choose which side) and makes a Dexterity saving throw, taking 10d6 Cold damage on a failed save or half as much damage on a successful one. The wall is an object that can be damaged and thus breached. It has AC 12 and 30 Hit P",Spell Descriptions: Wall of Ice
wall-of-ice-damage-2,wall-of-ice,Wall of Ice,damage,5d6,,cold,,"creature moving through the sheet of frigid air for the first time on a turn makes a Constitution saving throw, taking 5d6 Cold damage on a failed save or half as much damage on a successful one. Using a Higher-Level Spell Slot. The damage the wall deals when it appears increases b",Spell Descriptions: Wall of Ice
wall-of-ice-damage-3,wall-of-ice,Wall of Ice,damage,2d6,,,,uch damage on a successful one. Using a Higher-Level Spell Slot. The damage the wall deals when it appears increases by 2d6 and the damage from passing through the sheet of frigid air increases by 1d6 for each spell slot level above 6.,Spell Descriptions: Wall of Ice
wall-of-ice-damage-4,wall-of-ice,Wall of Ice,damage,1d6,,,,he wall deals when it appears increases by 2d6 and the damage from passing through the sheet of frigid air increases by 1d6 for each spell slot level above 6.,Spell Descriptions: Wall of Ice
wall-of-thorns-damage-1,wall-of-thorns,Wall of Thorns,damage,7d8,,piercing,,"The wall blocks line of sight. When the wall appears, each creature in its area makes a Dexterity saving throw, taking 7d8 Piercing damage on a failed save or half as much damage on a successful one. A creature can move through the wall, albeit slowly and painfully. For every 1 foo",Spell Descriptions: Wall of Thorns
wall-of-thorns-damage-2,wall-of-thorns,Wall of Thorns,damage,7d8,,slashing,,"eature enters a space in the wall on a turn or ends its turn there, the creature makes a Dexterity saving throw, taking 7d8 Slashing damage on a failed save or half as much damage on a successful one. A creature makes this save only once per turn. Using a Higher-Level Spell Slot. Bo",Spell Descriptions: Wall of Thorns
wall-of-thorns-damage-3,wall-of-thorns,Wall of Thorns,damage,1d8,,,,l one. A creature makes this save only once per turn. Using a Higher-Level Spell Slot. Both types of damage increase by 1d8 for each spell slot level above 6.,Spell Descriptions: Wall of Thorns
web-damage-1,web,Web,damage,2d4,,fire,,"is no longer Restrained. The webs are flammable. Any 5-foot Cube of webs exposed to fire burns away in 1 round, dealing 2d4 Fire damage to any creature that starts its turn in the fire.",Spell Descriptions: Web
weird-damage-1,weird,Weird,damage,10d10,,psychic,,"a 30-foot-radius Sphere centered on a point within range makes a Wisdom saving throw. On a failed save, a target takes 10d10 Psychic damage and has the Frightened condition for the duration. On a successful save, a target takes half as much damage only. A Frightened target makes a Wi",Spell Descriptions: Weird
weird-damage-2,weird,Weird,damage,5d10,,psychic,,"amage only. A Frightened target makes a Wisdom saving throw at the end of each of its turns. On a failed save, it takes 5d10 Psychic damage. On a successful save, the spell ends on that target.",Spell Descriptions: Weird
wind-wall-damage-1,wind-wall,Wind Wall,damage,4d8,,bludgeoning,,"The wall lasts for the duration. When the wall appears, each creature in its area makes a Strength saving throw, taking 4d8 Bludgeoning damage on a failed save or half as much damage on a successful one. The strong wind keeps fog, smoke, and other gases at bay. Small or smaller flyi",Spell Descriptions: Wind Wall
wish-damage-1,wish,Wish,damage,1d10,,necrotic,,"nother spell weakens you. After enduring that stress, each time you cast a spell until you finish a Long Rest, you take 1d10 Necrotic damage per level of that spell. This damage can't be reduced or prevented in any way. In addition, your Strength score becomes 3 for 2d4 days. For eac",Spell Descriptions: Wish
wish-damage-2,wish,Wish,damage,2d4,,,,"vel of that spell. This damage can't be reduced or prevented in any way. In addition, your Strength score becomes 3 for 2d4 days. For each of those days that you spend resting and doing nothing more than light activity, your remaining recovery time decreases by 2 days. Finally, ther",Spell Descriptions: Wish
